galaxy,radius_kpc,vobs_kms,errv_kms,carrier_id,formula_id,selected_spin_normalization_route,beta_cl_value,v_carrier_kms,v_beta_cl_transfer_kms,construction_used_vobs,scoring_used_vobs,endpoint_validation_claim,claim_boundary
ESO563-G021,0.45,18.9,9.78,BARYONIC_050_FAST_PACKET,BETA_CL_TRANSFER_SOURCE_FROZEN,BULLOCK_DISK_CONVERSION,1.5333333333333332,46.096291065551036,57.080040381905825,False,True,False,ugc12506_beta_closure_transfer_scoring_runner_not_endpoint
ESO563-G021,1.34,58.3,10.5,BARYONIC_050_FAST_PACKET,BETA_CL_TRANSFER_SOURCE_FROZEN,BULLOCK_DISK_CONVERSION,1.5333333333333332,84.97302189518741,105.22025544859063,False,True,False,ugc12506_beta_closure_transfer_scoring_runner_not_endpoint
ESO563-G021,2.23,74.1,5.69,BARYONIC_050_FAST_PACKET,BETA_CL_TRANSFER_SOURCE_FROZEN,BULLOCK_DISK_CONVERSION,1.5333333333333332,97.21304027752656,120.37680551778513,False,True,False,ugc12506_beta_closure_transfer_scoring_runner_not_endpoint
ESO563-G021,3.12,119.0,4.27,BARYONIC_050_FAST_PACKET,BETA_CL_TRANSFER_SOURCE_FROZEN,BULLOCK_DISK_CONVERSION,1.5333333333333332,103.36486927384952,127.99448232899208,False,True,False,ugc12506_beta_closure_transfer_scoring_runner_not_endpoint
ESO563-G021,4.01,141.0,3.76,BARYONIC_050_FAST_PACKET,BETA_CL_TRANSFER_SOURCE_FROZEN,BULLOCK_DISK_CONVERSION,1.5333333333333332,111.62387647810841,138.22143234679638,False,True,False,ugc12506_beta_closure_transfer_scoring_runner_not_endpoint
ESO563-G021,4.9,195.0,4.54,BARYONIC_050_FAST_PACKET,BETA_CL_TRANSFER_SOURCE_FROZEN,BULLOCK_DISK_CONVERSION,1.5333333333333332,124.3023010647832,153.9208513381688,False,True,False,ugc12506_beta_closure_transfer_scoring_runner_not_endpoint
ESO563-G021,5.79,227.0,4.2,BARYONIC_050_FAST_PACKET,BETA_CL_TRANSFER_SOURCE_FROZEN,BULLOCK_DISK_CONVERSION,1.5333333333333332,140.8485997445484,174.40977517520818,False,True,False,ugc12506_beta_closure_transfer_scoring_runner_not_endpoint
ESO563-G021,6.69,246.0,4.24,BARYONIC_050_FAST_PACKET,BETA_CL_TRANSFER_SOURCE_FROZEN,BULLOCK_DISK_CONVERSION,1.5333333333333332,154.05735441711312,190.76589044340884,False,True,False,ugc12506_beta_closure_transfer_scoring_runner_not_endpoint
ESO563-G021,7.58,268.0,5.56,BARYONIC_050_FAST_PACKET,BETA_CL_TRANSFER_SOURCE_FROZEN,BULLOCK_DISK_CONVERSION,1.5333333333333332,161.6799655183041,200.2048049290193,False,True,False,ugc12506_beta_closure_transfer_scoring_runner_not_endpoint
ESO563-G021,8.47,283.0,2.96,BARYONIC_050_FAST_PACKET,BETA_CL_TRANSFER_SOURCE_FROZEN,BULLOCK_DISK_CONVERSION,1.5333333333333332,170.95013541965972,211.68385584797593,False,True,False,ugc12506_beta_closure_transfer_scoring_runner_not_endpoint
ESO563-G021,10.23,291.0,9.81,BARYONIC_050_FAST_PACKET,BETA_CL_TRANSFER_SOURCE_FROZEN,BULLOCK_DISK_CONVERSION,1.5333333333333332,184.51244348281773,228.47776863406207,False,True,False,ugc12506_beta_closure_transfer_scoring_runner_not_endpoint
ESO563-G021,12.06,310.0,4.74,BARYONIC_050_FAST_PACKET,BETA_CL_TRANSFER_SOURCE_FROZEN,BULLOCK_DISK_CONVERSION,1.5333333333333332,194.4826532110255,240.82366373206216,False,True,False,ugc12506_beta_closure_transfer_scoring_runner_not_endpoint
ESO563-G021,13.44,310.0,20.4,BARYONIC_050_FAST_PACKET,BETA_CL_TRANSFER_SOURCE_FROZEN,BULLOCK_DISK_CONVERSION,1.5333333333333332,196.56195003102712,243.39841201892287,False,True,False,ugc12506_beta_closure_transfer_scoring_runner_not_endpoint
ESO563-G021,15.18,310.0,16.1,BARYONIC_050_FAST_PACKET,BETA_CL_TRANSFER_SOURCE_FROZEN,BULLOCK_DISK_CONVERSION,1.5333333333333332,199.6051185465944,247.16670178242052,False,True,False,ugc12506_beta_closure_transfer_scoring_runner_not_endpoint
ESO563-G021,16.83,314.0,13.5,BARYONIC_050_FAST_PACKET,BETA_CL_TRANSFER_SOURCE_FROZEN,BULLOCK_DISK_CONVERSION,1.5333333333333332,200.91883149670164,248.79344411914607,False,True,False,ugc12506_beta_closure_transfer_scoring_runner_not_endpoint
ESO563-G021,18.56,317.0,12.7,BARYONIC_050_FAST_PACKET,BETA_CL_TRANSFER_SOURCE_FROZEN,BULLOCK_DISK_CONVERSION,1.5333333333333332,196.83165027505106,243.73237599875813,False,True,False,ugc12506_beta_closure_transfer_scoring_runner_not_endpoint
ESO563-G021,20.3,319.0,10.4,BARYONIC_050_FAST_PACKET,BETA_CL_TRANSFER_SOURCE_FROZEN,BULLOCK_DISK_CONVERSION,1.5333333333333332,195.28610204005815,241.81855704225845,False,True,False,ugc12506_beta_closure_transfer_scoring_runner_not_endpoint
ESO563-G021,21.94,318.0,10.8,BARYONIC_050_FAST_PACKET,BETA_CL_TRANSFER_SOURCE_FROZEN,BULLOCK_DISK_CONVERSION,1.5333333333333332,195.94592213159223,242.63559799281995,False,True,False,ugc12506_beta_closure_transfer_scoring_runner_not_endpoint
ESO563-G021,23.68,317.0,9.3,BARYONIC_050_FAST_PACKET,BETA_CL_TRANSFER_SOURCE_FROZEN,BULLOCK_DISK_CONVERSION,1.5333333333333332,195.9244923433515,242.6090619494663,False,True,False,ugc12506_beta_closure_transfer_scoring_runner_not_endpoint
ESO563-G021,25.41,317.0,7.23,BARYONIC_050_FAST_PACKET,BETA_CL_TRANSFER_SOURCE_FROZEN,BULLOCK_DISK_CONVERSION,1.5333333333333332,190.38306804965615,235.74723608135898,False,True,False,ugc12506_beta_closure_transfer_scoring_runner_not_endpoint
ESO563-G021,27.06,312.0,8.39,BARYONIC_050_FAST_PACKET,BETA_CL_TRANSFER_SOURCE_FROZEN,BULLOCK_DISK_CONVERSION,1.5333333333333332,184.7692467647146,228.79576258459565,False,True,False,ugc12506_beta_closure_transfer_scoring_runner_not_endpoint
ESO563-G021,28.8,312.0,8.37,BARYONIC_050_FAST_PACKET,BETA_CL_TRANSFER_SOURCE_FROZEN,BULLOCK_DISK_CONVERSION,1.5333333333333332,177.7528534229479,220.10751444085986,False,True,False,ugc12506_beta_closure_transfer_scoring_runner_not_endpoint
ESO563-G021,30.53,311.0,11.5,BARYONIC_050_FAST_PACKET,BETA_CL_TRANSFER_SOURCE_FROZEN,BULLOCK_DISK_CONVERSION,1.5333333333333332,171.39170823000742,212.23064590989995,False,True,False,ugc12506_beta_closure_transfer_scoring_runner_not_endpoint
ESO563-G021,32.18,310.0,14.5,BARYONIC_050_FAST_PACKET,BETA_CL_TRANSFER_SOURCE_FROZEN,BULLOCK_DISK_CONVERSION,1.5333333333333332,167.3475011764442,207.2227917725268,False,True,False,ugc12506_beta_closure_transfer_scoring_runner_not_endpoint
ESO563-G021,33.91,313.0,15.9,BARYONIC_050_FAST_PACKET,BETA_CL_TRANSFER_SOURCE_FROZEN,BULLOCK_DISK_CONVERSION,1.5333333333333332,164.12639047392713,203.23416004697634,False,True,False,ugc12506_beta_closure_transfer_scoring_runner_not_endpoint
ESO563-G021,35.65,320.0,8.83,BARYONIC_050_FAST_PACKET,BETA_CL_TRANSFER_SOURCE_FROZEN,BULLOCK_DISK_CONVERSION,1.5333333333333332,159.98318052220367,198.10371276177537,False,True,False,ugc12506_beta_closure_transfer_scoring_runner_not_endpoint
ESO563-G021,37.3,321.0,7.88,BARYONIC_050_FAST_PACKET,BETA_CL_TRANSFER_SOURCE_FROZEN,BULLOCK_DISK_CONVERSION,1.5333333333333332,156.66588700160608,193.9959799325749,False,True,False,ugc12506_beta_closure_transfer_scoring_runner_not_endpoint
ESO563-G021,39.03,320.0,8.0,BARYONIC_050_FAST_PACKET,BETA_CL_TRANSFER_SOURCE_FROZEN,BULLOCK_DISK_CONVERSION,1.5333333333333332,152.71927858001425,189.1089800705755,False,True,False,ugc12506_beta_closure_transfer_scoring_runner_not_endpoint
ESO563-G021,40.76,315.0,9.82,BARYONIC_050_FAST_PACKET,BETA_CL_TRANSFER_SOURCE_FROZEN,BULLOCK_DISK_CONVERSION,1.5333333333333332,149.02625959877003,184.53599452861943,False,True,False,ugc12506_beta_closure_transfer_scoring_runner_not_endpoint
ESO563-G021,42.41,312.0,9.07,BARYONIC_050_FAST_PACKET,BETA_CL_TRANSFER_SOURCE_FROZEN,BULLOCK_DISK_CONVERSION,1.5333333333333332,146.0616998052535,180.86504424570268,False,True,False,ugc12506_beta_closure_transfer_scoring_runner_not_endpoint
IC4202,0.77,35.1,3.96,BARYONIC_050_FAST_PACKET,BETA_CL_TRANSFER_SOURCE_FROZEN,BULLOCK_DISK_CONVERSION,2.0,95.76469808859629,135.43173483345768,False,True,False,ugc12506_beta_closure_transfer_scoring_runner_not_endpoint
IC4202,1.59,77.9,3.95,BARYONIC_050_FAST_PACKET,BETA_CL_TRANSFER_SOURCE_FROZEN,BULLOCK_DISK_CONVERSION,2.0,128.26264109240853,181.39076657867676,False,True,False,ugc12506_beta_closure_transfer_scoring_runner_not_endpoint
IC4202,2.36,115.0,6.7,BARYONIC_050_FAST_PACKET,BETA_CL_TRANSFER_SOURCE_FROZEN,BULLOCK_DISK_CONVERSION,2.0,131.76665890884536,186.34619609747872,False,True,False,ugc12506_beta_closure_transfer_scoring_runner_not_endpoint
IC4202,3.13,156.0,3.16,BARYONIC_050_FAST_PACKET,BETA_CL_TRANSFER_SOURCE_FROZEN,BULLOCK_DISK_CONVERSION,2.0,132.9385634419148,188.003519381952,False,True,False,ugc12506_beta_closure_transfer_scoring_runner_not_endpoint
IC4202,3.95,192.0,3.14,BARYONIC_050_FAST_PACKET,BETA_CL_TRANSFER_SOURCE_FROZEN,BULLOCK_DISK_CONVERSION,2.0,138.67566945935397,196.1170125205868,False,True,False,ugc12506_beta_closure_transfer_scoring_runner_not_endpoint
IC4202,4.73,204.0,2.9,BARYONIC_050_FAST_PACKET,BETA_CL_TRANSFER_SOURCE_FROZEN,BULLOCK_DISK_CONVERSION,2.0,144.61650822088052,204.51862726900941,False,True,False,ugc12506_beta_closure_transfer_scoring_runner_not_endpoint
IC4202,5.5,209.0,3.36,BARYONIC_050_FAST_PACKET,BETA_CL_TRANSFER_SOURCE_FROZEN,BULLOCK_DISK_CONVERSION,2.0,146.05098082518995,206.54727788087646,False,True,False,ugc12506_beta_closure_transfer_scoring_runner_not_endpoint
IC4202,6.27,220.0,3.25,BARYONIC_050_FAST_PACKET,BETA_CL_TRANSFER_SOURCE_FROZEN,BULLOCK_DISK_CONVERSION,2.0,146.5465907143527,207.24817610777666,False,True,False,ugc12506_beta_closure_transfer_scoring_runner_not_endpoint
IC4202,7.08,231.0,3.49,BARYONIC_050_FAST_PACKET,BETA_CL_TRANSFER_SOURCE_FROZEN,BULLOCK_DISK_CONVERSION,2.0,150.65014636567733,213.0514801638327,False,True,False,ugc12506_beta_closure_transfer_scoring_runner_not_endpoint
IC4202,7.86,235.0,4.65,BARYONIC_050_FAST_PACKET,BETA_CL_TRANSFER_SOURCE_FROZEN,BULLOCK_DISK_CONVERSION,2.0,157.44208586016637,222.6567331117566,False,True,False,ugc12506_beta_closure_transfer_scoring_runner_not_endpoint
IC4202,8.66,245.0,6.0,BARYONIC_050_FAST_PACKET,BETA_CL_TRANSFER_SOURCE_FROZEN,BULLOCK_DISK_CONVERSION,2.0,163.97542041415844,231.89626344553292,False,True,False,ugc12506_beta_closure_transfer_scoring_runner_not_endpoint
IC4202,9.45,246.0,5.57,BARYONIC_050_FAST_PACKET,BETA_CL_TRANSFER_SOURCE_FROZEN,BULLOCK_DISK_CONVERSION,2.0,168.81201571570668,238.73624211669244,False,True,False,ugc12506_beta_closure_transfer_scoring_runner_not_endpoint
IC4202,10.24,239.0,6.95,BARYONIC_050_FAST_PACKET,BETA_CL_TRANSFER_SOURCE_FROZEN,BULLOCK_DISK_CONVERSION,2.0,171.81618448213777,242.98477832983693,False,True,False,ugc12506_beta_closure_transfer_scoring_runner_not_endpoint
IC4202,11.02,240.0,7.16,BARYONIC_050_FAST_PACKET,BETA_CL_TRANSFER_SOURCE_FROZEN,BULLOCK_DISK_CONVERSION,2.0,173.20469883926359,244.94843416523403,False,True,False,ugc12506_beta_closure_transfer_scoring_runner_not_endpoint
IC4202,11.79,240.0,4.85,BARYONIC_050_FAST_PACKET,BETA_CL_TRANSFER_SOURCE_FROZEN,BULLOCK_DISK_CONVERSION,2.0,173.69641648577556,245.64382792978947,False,True,False,ugc12506_beta_closure_transfer_scoring_runner_not_endpoint
IC4202,12.47,246.0,7.68,BARYONIC_050_FAST_PACKET,BETA_CL_TRANSFER_SOURCE_FROZEN,BULLOCK_DISK_CONVERSION,2.0,173.2922704565902,245.07227913413627,False,True,False,ugc12506_beta_closure_transfer_scoring_runner_not_endpoint
IC4202,13.34,241.0,6.21,BARYONIC_050_FAST_PACKET,BETA_CL_TRANSFER_SOURCE_FROZEN,BULLOCK_DISK_CONVERSION,2.0,172.28199311013324,243.64353120901856,False,True,False,ugc12506_beta_closure_transfer_scoring_runner_not_endpoint
IC4202,14.11,250.0,5.62,BARYONIC_050_FAST_PACKET,BETA_CL_TRANSFER_SOURCE_FROZEN,BULLOCK_DISK_CONVERSION,2.0,171.11473139388087,241.99277385905555,False,True,False,ugc12506_beta_closure_transfer_scoring_runner_not_endpoint
IC4202,14.59,242.0,5.1,BARYONIC_050_FAST_PACKET,BETA_CL_TRANSFER_SOURCE_FROZEN,BULLOCK_DISK_CONVERSION,2.0,170.27231454349823,240.8014165240728,False,True,False,ugc12506_beta_closure_transfer_scoring_runner_not_endpoint
IC4202,14.98,244.0,7.41,BARYONIC_050_FAST_PACKET,BETA_CL_TRANSFER_SOURCE_FROZEN,BULLOCK_DISK_CONVERSION,2.0,169.6143267828517,239.87088130909098,False,True,False,ugc12506_beta_closure_transfer_scoring_runner_not_endpoint
IC4202,15.75,248.0,5.08,BARYONIC_050_FAST_PACKET,BETA_CL_TRANSFER_SOURCE_FROZEN,BULLOCK_DISK_CONVERSION,2.0,168.04705471980162,237.65442390159708,False,True,False,ugc12506_beta_closure_transfer_scoring_runner_not_endpoint
IC4202,16.52,249.0,5.22,BARYONIC_050_FAST_PACKET,BETA_CL_TRANSFER_SOURCE_FROZEN,BULLOCK_DISK_CONVERSION,2.0,166.24735697147187,235.10926693773686,False,True,False,ugc12506_beta_closure_transfer_scoring_runner_not_endpoint
IC4202,17.1,246.0,6.35,BARYONIC_050_FAST_PACKET,BETA_CL_TRANSFER_SOURCE_FROZEN,BULLOCK_DISK_CONVERSION,2.0,164.65778967300636,232.86127930594213,False,True,False,ugc12506_beta_closure_transfer_scoring_runner_not_endpoint
IC4202,17.88,241.0,16.2,BARYONIC_050_FAST_PACKET,BETA_CL_TRANSFER_SOURCE_FROZEN,BULLOCK_DISK_CONVERSION,2.0,162.33484330235453,229.57613704390096,False,True,False,ugc12506_beta_closure_transfer_scoring_runner_not_endpoint
IC4202,18.65,247.0,14.6,BARYONIC_050_FAST_PACKET,BETA_CL_TRANSFER_SOURCE_FROZEN,BULLOCK_DISK_CONVERSION,2.0,160.0070331266723,226.28411632282103,False,True,False,ugc12506_beta_closure_transfer_scoring_runner_not_endpoint
IC4202,19.62,234.0,20.9,BARYONIC_050_FAST_PACKET,BETA_CL_TRANSFER_SOURCE_FROZEN,BULLOCK_DISK_CONVERSION,2.0,157.21780878768158,222.33955743411923,False,True,False,ugc12506_beta_closure_transfer_scoring_runner_not_endpoint
IC4202,20.78,249.0,10.0,BARYONIC_050_FAST_PACKET,BETA_CL_TRANSFER_SOURCE_FROZEN,BULLOCK_DISK_CONVERSION,2.0,154.86253840099613,219.00870211021297,False,True,False,ugc12506_beta_closure_transfer_scoring_runner_not_endpoint
IC4202,22.13,236.0,16.1,BARYONIC_050_FAST_PACKET,BETA_CL_TRANSFER_SOURCE_FROZEN,BULLOCK_DISK_CONVERSION,2.0,152.89593617882718,216.22750657582858,False,True,False,ugc12506_beta_closure_transfer_scoring_runner_not_endpoint
IC4202,23.0,245.0,22.1,BARYONIC_050_FAST_PACKET,BETA_CL_TRANSFER_SOURCE_FROZEN,BULLOCK_DISK_CONVERSION,2.0,151.3508247417238,214.04238902609922,False,True,False,ugc12506_beta_closure_transfer_scoring_runner_not_endpoint
IC4202,23.58,243.0,4.2,BARYONIC_050_FAST_PACKET,BETA_CL_TRANSFER_SOURCE_FROZEN,BULLOCK_DISK_CONVERSION,2.0,150.30154240725543,212.5584797179355,False,True,False,ugc12506_beta_closure_transfer_scoring_runner_not_endpoint
IC4202,25.03,238.0,7.76,BARYONIC_050_FAST_PACKET,BETA_CL_TRANSFER_SOURCE_FROZEN,BULLOCK_DISK_CONVERSION,2.0,146.31004459708157,206.91364938060514,False,True,False,ugc12506_beta_closure_transfer_scoring_runner_not_endpoint
IC4202,25.9,247.0,6.14,BARYONIC_050_FAST_PACKET,BETA_CL_TRANSFER_SOURCE_FROZEN,BULLOCK_DISK_CONVERSION,2.0,143.77282166668357,203.32547430167227,False,True,False,ugc12506_beta_closure_transfer_scoring_runner_not_endpoint
NGC0801,1.17,123.0,6.2,BARYONIC_050_FAST_PACKET,BETA_CL_TRANSFER_SOURCE_FROZEN,BULLOCK_DISK_CONVERSION,1.3462482512148914,129.89285661652067,150.71200378860996,False,True,False,ugc12506_beta_closure_transfer_scoring_runner_not_endpoint
NGC0801,1.56,142.0,6.2,BARYONIC_050_FAST_PACKET,BETA_CL_TRANSFER_SOURCE_FROZEN,BULLOCK_DISK_CONVERSION,1.3462482512148914,148.99859965784913,172.8800035742323,False,True,False,ugc12506_beta_closure_transfer_scoring_runner_not_endpoint
NGC0801,1.96,205.0,6.2,BARYONIC_050_FAST_PACKET,BETA_CL_TRANSFER_SOURCE_FROZEN,BULLOCK_DISK_CONVERSION,1.3462482512148914,164.36613656711654,190.7106398480098,False,True,False,ugc12506_beta_closure_transfer_scoring_runner_not_endpoint
NGC0801,2.73,228.0,6.2,BARYONIC_050_FAST_PACKET,BETA_CL_TRANSFER_SOURCE_FROZEN,BULLOCK_DISK_CONVERSION,1.3462482512148914,187.22362671415164,217.23171445805053,False,True,False,ugc12506_beta_closure_transfer_scoring_runner_not_endpoint
NGC0801,3.52,238.0,6.2,BARYONIC_050_FAST_PACKET,BETA_CL_TRANSFER_SOURCE_FROZEN,BULLOCK_DISK_CONVERSION,1.3462482512148914,199.22424024199466,231.15577894154643,False,True,False,ugc12506_beta_closure_transfer_scoring_runner_not_endpoint
NGC0801,10.59,229.0,4.2,BARYONIC_050_FAST_PACKET,BETA_CL_TRANSFER_SOURCE_FROZEN,BULLOCK_DISK_CONVERSION,1.3462482512148914,191.74066978604202,222.47274641544203,False,True,False,ugc12506_beta_closure_transfer_scoring_runner_not_endpoint
NGC0801,17.65,225.0,6.9,BARYONIC_050_FAST_PACKET,BETA_CL_TRANSFER_SOURCE_FROZEN,BULLOCK_DISK_CONVERSION,1.3462482512148914,176.2774279367611,204.53106567272587,False,True,False,ugc12506_beta_closure_transfer_scoring_runner_not_endpoint
NGC0801,24.61,220.0,4.0,BARYONIC_050_FAST_PACKET,BETA_CL_TRANSFER_SOURCE_FROZEN,BULLOCK_DISK_CONVERSION,1.3462482512148914,167.10165214623103,193.88460218175425,False,True,False,ugc12506_beta_closure_transfer_scoring_runner_not_endpoint
NGC0801,31.67,222.0,2.4,BARYONIC_050_FAST_PACKET,BETA_CL_TRANSFER_SOURCE_FROZEN,BULLOCK_DISK_CONVERSION,1.3462482512148914,166.10508375724086,192.72830442428395,False,True,False,ugc12506_beta_closure_transfer_scoring_runner_not_endpoint
NGC0801,38.74,219.0,4.1,BARYONIC_050_FAST_PACKET,BETA_CL_TRANSFER_SOURCE_FROZEN,BULLOCK_DISK_CONVERSION,1.3462482512148914,155.87948197245206,180.8637494743553,False,True,False,ugc12506_beta_closure_transfer_scoring_runner_not_endpoint
NGC0801,45.8,214.0,4.7,BARYONIC_050_FAST_PACKET,BETA_CL_TRANSFER_SOURCE_FROZEN,BULLOCK_DISK_CONVERSION,1.3462482512148914,142.22112114591138,165.01623497467045,False,True,False,ugc12506_beta_closure_transfer_scoring_runner_not_endpoint
NGC0801,52.86,216.0,2.6,BARYONIC_050_FAST_PACKET,BETA_CL_TRANSFER_SOURCE_FROZEN,BULLOCK_DISK_CONVERSION,1.3462482512148914,133.69864098037795,155.12777692968152,False,True,False,ugc12506_beta_closure_transfer_scoring_runner_not_endpoint
NGC0801,59.82,216.0,8.8,BARYONIC_050_FAST_PACKET,BETA_CL_TRANSFER_SOURCE_FROZEN,BULLOCK_DISK_CONVERSION,1.3462482512148914,130.34367706183528,151.23508145763702,False,True,False,ugc12506_beta_closure_transfer_scoring_runner_not_endpoint
NGC0891,0.92,234.0,12.0,BARYONIC_050_FAST_PACKET,BETA_CL_TRANSFER_SOURCE_FROZEN,BULLOCK_DISK_CONVERSION,2.0794639847286724,199.63541995347418,287.8811966038934,False,True,False,ugc12506_beta_closure_transfer_scoring_runner_not_endpoint
NGC0891,2.32,192.0,12.0,BARYONIC_050_FAST_PACKET,BETA_CL_TRANSFER_SOURCE_FROZEN,BULLOCK_DISK_CONVERSION,2.0794639847286724,237.98172167206457,343.1778930851814,False,True,False,ugc12506_beta_closure_transfer_scoring_runner_not_endpoint
NGC0891,3.24,212.0,6.3,BARYONIC_050_FAST_PACKET,BETA_CL_TRANSFER_SOURCE_FROZEN,BULLOCK_DISK_CONVERSION,2.0794639847286724,255.44355325590035,368.3584596019941,False,True,False,ugc12506_beta_closure_transfer_scoring_runner_not_endpoint
NGC0891,4.17,223.0,4.41,BARYONIC_050_FAST_PACKET,BETA_CL_TRANSFER_SOURCE_FROZEN,BULLOCK_DISK_CONVERSION,2.0794639847286724,241.06929501701373,347.63028088967724,False,True,False,ugc12506_beta_closure_transfer_scoring_runner_not_endpoint
NGC0891,5.1,222.0,4.01,BARYONIC_050_FAST_PACKET,BETA_CL_TRANSFER_SOURCE_FROZEN,BULLOCK_DISK_CONVERSION,2.0794639847286724,225.9475401503632,325.8241861256486,False,True,False,ugc12506_beta_closure_transfer_scoring_runner_not_endpoint
NGC0891,6.03,224.0,3.85,BARYONIC_050_FAST_PACKET,BETA_CL_TRANSFER_SOURCE_FROZEN,BULLOCK_DISK_CONVERSION,2.0794639847286724,214.44375171592202,309.23532438579923,False,True,False,ugc12506_beta_closure_transfer_scoring_runner_not_endpoint
NGC0891,6.96,224.0,3.23,BARYONIC_050_FAST_PACKET,BETA_CL_TRANSFER_SOURCE_FROZEN,BULLOCK_DISK_CONVERSION,2.0794639847286724,206.5612896938824,297.86854087805114,False,True,False,ugc12506_beta_closure_transfer_scoring_runner_not_endpoint
NGC0891,7.89,226.0,3.4,BARYONIC_050_FAST_PACKET,BETA_CL_TRANSFER_SOURCE_FROZEN,BULLOCK_DISK_CONVERSION,2.0794639847286724,197.70839145064124,285.1023546959061,False,True,False,ugc12506_beta_closure_transfer_scoring_runner_not_endpoint
NGC0891,8.8,226.0,3.21,BARYONIC_050_FAST_PACKET,BETA_CL_TRANSFER_SOURCE_FROZEN,BULLOCK_DISK_CONVERSION,2.0794639847286724,192.99676694183248,278.30802880994753,False,True,False,ugc12506_beta_closure_transfer_scoring_runner_not_endpoint
NGC0891,9.73,227.0,2.75,BARYONIC_050_FAST_PACKET,BETA_CL_TRANSFER_SOURCE_FROZEN,BULLOCK_DISK_CONVERSION,2.0794639847286724,184.2364491624825,265.67534686634565,False,True,False,ugc12506_beta_closure_transfer_scoring_runner_not_endpoint
NGC0891,10.64,227.0,2.65,BARYONIC_050_FAST_PACKET,BETA_CL_TRANSFER_SOURCE_FROZEN,BULLOCK_DISK_CONVERSION,2.0794639847286724,177.93197787356831,256.5840807021024,False,True,False,ugc12506_beta_closure_transfer_scoring_runner_not_endpoint
NGC0891,11.58,224.0,2.35,BARYONIC_050_FAST_PACKET,BETA_CL_TRANSFER_SOURCE_FROZEN,BULLOCK_DISK_CONVERSION,2.0794639847286724,173.0296830026571,249.51480154376492,False,True,False,ugc12506_beta_closure_transfer_scoring_runner_not_endpoint
NGC0891,12.52,220.0,2.43,BARYONIC_050_FAST_PACKET,BETA_CL_TRANSFER_SOURCE_FROZEN,BULLOCK_DISK_CONVERSION,2.0794639847286724,166.79591077121765,240.52548587142005,False,True,False,ugc12506_beta_closure_transfer_scoring_runner_not_endpoint
NGC0891,13.46,218.0,2.3,BARYONIC_050_FAST_PACKET,BETA_CL_TRANSFER_SOURCE_FROZEN,BULLOCK_DISK_CONVERSION,2.0794639847286724,163.72380920318216,236.09540890561476,False,True,False,ugc12506_beta_closure_transfer_scoring_runner_not_endpoint
NGC0891,14.4,217.0,2.77,BARYONIC_050_FAST_PACKET,BETA_CL_TRANSFER_SOURCE_FROZEN,BULLOCK_DISK_CONVERSION,2.0794639847286724,159.46102313731717,229.94832361487016,False,True,False,ugc12506_beta_closure_transfer_scoring_runner_not_endpoint
NGC0891,15.33,216.0,4.43,BARYONIC_050_FAST_PACKET,BETA_CL_TRANSFER_SOURCE_FROZEN,BULLOCK_DISK_CONVERSION,2.0794639847286724,154.51443783672775,222.8151761214605,False,True,False,ugc12506_beta_closure_transfer_scoring_runner_not_endpoint
NGC0891,16.27,210.0,4.47,BARYONIC_050_FAST_PACKET,BETA_CL_TRANSFER_SOURCE_FROZEN,BULLOCK_DISK_CONVERSION,2.0794639847286724,149.7426893040191,215.9341493086375,False,True,False,ugc12506_beta_closure_transfer_scoring_runner_not_endpoint
NGC0891,17.11,208.0,4.35,BARYONIC_050_FAST_PACKET,BETA_CL_TRANSFER_SOURCE_FROZEN,BULLOCK_DISK_CONVERSION,2.0794639847286724,145.1589089584239,209.32417913817932,False,True,False,ugc12506_beta_closure_transfer_scoring_runner_not_endpoint
NGC2841,3.44,285.0,14.4,BARYONIC_050_FAST_PACKET,BETA_CL_TRANSFER_SOURCE_FROZEN,BULLOCK_DISK_CONVERSION,1.0803447810919469,205.01117067125878,213.08786336279442,False,True,False,ugc12506_beta_closure_transfer_scoring_runner_not_endpoint
NGC2841,3.77,297.0,13.6,BARYONIC_050_FAST_PACKET,BETA_CL_TRANSFER_SOURCE_FROZEN,BULLOCK_DISK_CONVERSION,1.0803447810919469,202.28740642956495,210.25679274031987,False,True,False,ugc12506_beta_closure_transfer_scoring_runner_not_endpoint
NGC2841,4.13,303.0,8.47,BARYONIC_050_FAST_PACKET,BETA_CL_TRANSFER_SOURCE_FROZEN,BULLOCK_DISK_CONVERSION,1.0803447810919469,200.97684219829904,208.89459705641752,False,True,False,ugc12506_beta_closure_transfer_scoring_runner_not_endpoint
NGC2841,4.47,306.0,5.93,BARYONIC_050_FAST_PACKET,BETA_CL_TRANSFER_SOURCE_FROZEN,BULLOCK_DISK_CONVERSION,1.0803447810919469,199.95782680355376,207.8354361702614,False,True,False,ugc12506_beta_closure_transfer_scoring_runner_not_endpoint
NGC2841,4.8,307.0,5.93,BARYONIC_050_FAST_PACKET,BETA_CL_TRANSFER_SOURCE_FROZEN,BULLOCK_DISK_CONVERSION,1.0803447810919469,199.13963568310552,206.98501130264142,False,True,False,ugc12506_beta_closure_transfer_scoring_runner_not_endpoint
NGC2841,5.13,304.0,8.47,BARYONIC_050_FAST_PACKET,BETA_CL_TRANSFER_SOURCE_FROZEN,BULLOCK_DISK_CONVERSION,1.0803447810919469,198.73336722855575,206.56273735216223,False,True,False,ugc12506_beta_closure_transfer_scoring_runner_not_endpoint
NGC2841,5.48,308.0,8.47,BARYONIC_050_FAST_PACKET,BETA_CL_TRANSFER_SOURCE_FROZEN,BULLOCK_DISK_CONVERSION,1.0803447810919469,198.70479913680995,206.53304378175565,False,True,False,ugc12506_beta_closure_transfer_scoring_runner_not_endpoint
NGC2841,5.83,313.0,12.7,BARYONIC_050_FAST_PACKET,BETA_CL_TRANSFER_SOURCE_FROZEN,BULLOCK_DISK_CONVERSION,1.0803447810919469,198.379797610543,206.19523838024938,False,True,False,ugc12506_beta_closure_transfer_scoring_runner_not_endpoint
NGC2841,6.16,314.0,9.32,BARYONIC_050_FAST_PACKET,BETA_CL_TRANSFER_SOURCE_FROZEN,BULLOCK_DISK_CONVERSION,1.0803447810919469,198.1540344025324,205.9605809249342,False,True,False,ugc12506_beta_closure_transfer_scoring_runner_not_endpoint
NGC2841,6.51,315.0,6.78,BARYONIC_050_FAST_PACKET,BETA_CL_TRANSFER_SOURCE_FROZEN,BULLOCK_DISK_CONVERSION,1.0803447810919469,199.69404823379188,207.56126568653892,False,True,False,ugc12506_beta_closure_transfer_scoring_runner_not_endpoint
NGC2841,6.86,317.0,8.47,BARYONIC_050_FAST_PACKET,BETA_CL_TRANSFER_SOURCE_FROZEN,BULLOCK_DISK_CONVERSION,1.0803447810919469,201.16667430267867,209.09190785361687,False,True,False,ugc12506_beta_closure_transfer_scoring_runner_not_endpoint
NGC2841,7.18,320.0,7.63,BARYONIC_050_FAST_PACKET,BETA_CL_TRANSFER_SOURCE_FROZEN,BULLOCK_DISK_CONVERSION,1.0803447810919469,202.05986773726244,210.02028985310474,False,True,False,ugc12506_beta_closure_transfer_scoring_runner_not_endpoint
NGC2841,7.51,316.0,20.5,BARYONIC_050_FAST_PACKET,BETA_CL_TRANSFER_SOURCE_FROZEN,BULLOCK_DISK_CONVERSION,1.0803447810919469,203.01086485703172,211.00875279223283,False,True,False,ugc12506_beta_closure_transfer_scoring_runner_not_endpoint
NGC2841,7.85,318.0,23.4,BARYONIC_050_FAST_PACKET,BETA_CL_TRANSFER_SOURCE_FROZEN,BULLOCK_DISK_CONVERSION,1.0803447810919469,204.58371611641041,212.64356865690547,False,True,False,ugc12506_beta_closure_transfer_scoring_runner_not_endpoint
NGC2841,8.21,321.0,8.48,BARYONIC_050_FAST_PACKET,BETA_CL_TRANSFER_SOURCE_FROZEN,BULLOCK_DISK_CONVERSION,1.0803447810919469,205.74525413724615,213.85086704100877,False,True,False,ugc12506_beta_closure_transfer_scoring_runner_not_endpoint
NGC2841,8.57,323.0,8.66,BARYONIC_050_FAST_PACKET,BETA_CL_TRANSFER_SOURCE_FROZEN,BULLOCK_DISK_CONVERSION,1.0803447810919469,205.8413410857984,213.95073946501873,False,True,False,ugc12506_beta_closure_transfer_scoring_runner_not_endpoint
NGC2841,8.9,321.0,12.7,BARYONIC_050_FAST_PACKET,BETA_CL_TRANSFER_SOURCE_FROZEN,BULLOCK_DISK_CONVERSION,1.0803447810919469,205.5031595864161,213.5992348475081,False,True,False,ugc12506_beta_closure_transfer_scoring_runner_not_endpoint
NGC2841,9.24,323.0,11.0,BARYONIC_050_FAST_PACKET,BETA_CL_TRANSFER_SOURCE_FROZEN,BULLOCK_DISK_CONVERSION,1.0803447810919469,204.5140641863048,212.5711726946918,False,True,False,ugc12506_beta_closure_transfer_scoring_runner_not_endpoint
NGC2841,9.6,323.0,10.4,BARYONIC_050_FAST_PACKET,BETA_CL_TRANSFER_SOURCE_FROZEN,BULLOCK_DISK_CONVERSION,1.0803447810919469,203.28029995550477,211.28880265127506,False,True,False,ugc12506_beta_closure_transfer_scoring_runner_not_endpoint
NGC2841,9.93,322.0,13.6,BARYONIC_050_FAST_PACKET,BETA_CL_TRANSFER_SOURCE_FROZEN,BULLOCK_DISK_CONVERSION,1.0803447810919469,202.53836648891982,210.51763971105925,False,True,False,ugc12506_beta_closure_transfer_scoring_runner_not_endpoint
NGC2841,10.27,321.0,13.6,BARYONIC_050_FAST_PACKET,BETA_CL_TRANSFER_SOURCE_FROZEN,BULLOCK_DISK_CONVERSION,1.0803447810919469,202.1297214661911,210.09289556427936,False,True,False,ugc12506_beta_closure_transfer_scoring_runner_not_endpoint
NGC2841,10.6,323.0,9.32,BARYONIC_050_FAST_PACKET,BETA_CL_TRANSFER_SOURCE_FROZEN,BULLOCK_DISK_CONVERSION,1.0803447810919469,201.6621427040782,209.60689590364512,False,True,False,ugc12506_beta_closure_transfer_scoring_runner_not_endpoint
NGC2841,10.93,322.0,11.9,BARYONIC_050_FAST_PACKET,BETA_CL_TRANSFER_SOURCE_FROZEN,BULLOCK_DISK_CONVERSION,1.0803447810919469,201.23973663270385,209.16784857307323,False,True,False,ugc12506_beta_closure_transfer_scoring_runner_not_endpoint
NGC2841,11.27,321.0,11.0,BARYONIC_050_FAST_PACKET,BETA_CL_TRANSFER_SOURCE_FROZEN,BULLOCK_DISK_CONVERSION,1.0803447810919469,200.65601025137522,208.56112550047897,False,True,False,ugc12506_beta_closure_transfer_scoring_runner_not_endpoint
NGC2841,12.31,323.0,4.24,BARYONIC_050_FAST_PACKET,BETA_CL_TRANSFER_SOURCE_FROZEN,BULLOCK_DISK_CONVERSION,1.0803447810919469,197.36450466079256,205.1399465898496,False,True,False,ugc12506_beta_closure_transfer_scoring_runner_not_endpoint
NGC2841,14.35,319.0,4.24,BARYONIC_050_FAST_PACKET,BETA_CL_TRANSFER_SOURCE_FROZEN,BULLOCK_DISK_CONVERSION,1.0803447810919469,186.54152218742078,193.89057806562468,False,True,False,ugc12506_beta_closure_transfer_scoring_runner_not_endpoint
NGC2841,16.4,308.0,4.24,BARYONIC_050_FAST_PACKET,BETA_CL_TRANSFER_SOURCE_FROZEN,BULLOCK_DISK_CONVERSION,1.0803447810919469,174.28371438548123,181.14985732599487,False,True,False,ugc12506_beta_closure_transfer_scoring_runner_not_endpoint
NGC2841,18.48,299.0,5.66,BARYONIC_050_FAST_PACKET,BETA_CL_TRANSFER_SOURCE_FROZEN,BULLOCK_DISK_CONVERSION,1.0803447810919469,164.59148033844278,171.07578459360062,False,True,False,ugc12506_beta_closure_transfer_scoring_runner_not_endpoint
NGC2841,20.57,299.0,5.66,BARYONIC_050_FAST_PACKET,BETA_CL_TRANSFER_SOURCE_FROZEN,BULLOCK_DISK_CONVERSION,1.0803447810919469,158.23487447462398,164.46875163375978,False,True,False,ugc12506_beta_closure_transfer_scoring_runner_not_endpoint
NGC2841,22.51,298.0,5.66,BARYONIC_050_FAST_PACKET,BETA_CL_TRANSFER_SOURCE_FROZEN,BULLOCK_DISK_CONVERSION,1.0803447810919469,155.3016894628001,161.42000982632158,False,True,False,ugc12506_beta_closure_transfer_scoring_runner_not_endpoint
NGC2841,24.59,296.0,5.66,BARYONIC_050_FAST_PACKET,BETA_CL_TRANSFER_SOURCE_FROZEN,BULLOCK_DISK_CONVERSION,1.0803447810919469,150.61689745841932,156.55065409685565,False,True,False,ugc12506_beta_closure_transfer_scoring_runner_not_endpoint
NGC2841,26.68,293.0,4.24,BARYONIC_050_FAST_PACKET,BETA_CL_TRANSFER_SOURCE_FROZEN,BULLOCK_DISK_CONVERSION,1.0803447810919469,143.34594954165954,148.99325734071044,False,True,False,ugc12506_beta_closure_transfer_scoring_runner_not_endpoint
NGC2841,28.77,289.0,4.24,BARYONIC_050_FAST_PACKET,BETA_CL_TRANSFER_SOURCE_FROZEN,BULLOCK_DISK_CONVERSION,1.0803447810919469,136.78234443816206,142.17107012582863,False,True,False,ugc12506_beta_closure_transfer_scoring_runner_not_endpoint
NGC2841,30.7,289.0,4.24,BARYONIC_050_FAST_PACKET,BETA_CL_TRANSFER_SOURCE_FROZEN,BULLOCK_DISK_CONVERSION,1.0803447810919469,131.80140116857638,136.99389585102165,False,True,False,ugc12506_beta_closure_transfer_scoring_runner_not_endpoint
NGC2841,32.79,288.0,4.24,BARYONIC_050_FAST_PACKET,BETA_CL_TRANSFER_SOURCE_FROZEN,BULLOCK_DISK_CONVERSION,1.0803447810919469,128.04429643681908,133.08877489054396,False,True,False,ugc12506_beta_closure_transfer_scoring_runner_not_endpoint
NGC2841,34.88,285.0,4.24,BARYONIC_050_FAST_PACKET,BETA_CL_TRANSFER_SOURCE_FROZEN,BULLOCK_DISK_CONVERSION,1.0803447810919469,125.93151670650202,130.89275934165758,False,True,False,ugc12506_beta_closure_transfer_scoring_runner_not_endpoint
NGC2841,36.96,283.0,2.83,BARYONIC_050_FAST_PACKET,BETA_CL_TRANSFER_SOURCE_FROZEN,BULLOCK_DISK_CONVERSION,1.0803447810919469,124.72451763787262,129.63820891022013,False,True,False,ugc12506_beta_closure_transfer_scoring_runner_not_endpoint
NGC2841,38.9,275.0,2.83,BARYONIC_050_FAST_PACKET,BETA_CL_TRANSFER_SOURCE_FROZEN,BULLOCK_DISK_CONVERSION,1.0803447810919469,123.71280875479304,128.5866423856512,False,True,False,ugc12506_beta_closure_transfer_scoring_runner_not_endpoint
NGC2841,40.99,272.0,2.83,BARYONIC_050_FAST_PACKET,BETA_CL_TRANSFER_SOURCE_FROZEN,BULLOCK_DISK_CONVERSION,1.0803447810919469,122.17351022214267,126.98670110281292,False,True,False,ugc12506_beta_closure_transfer_scoring_runner_not_endpoint
NGC2841,43.08,271.0,2.83,BARYONIC_050_FAST_PACKET,BETA_CL_TRANSFER_SOURCE_FROZEN,BULLOCK_DISK_CONVERSION,1.0803447810919469,120.19567629494831,124.93094772970477,False,True,False,ugc12506_beta_closure_transfer_scoring_runner_not_endpoint
NGC2841,45.16,274.0,4.24,BARYONIC_050_FAST_PACKET,BETA_CL_TRANSFER_SOURCE_FROZEN,BULLOCK_DISK_CONVERSION,1.0803447810919469,117.50530243354979,122.13458294677396,False,True,False,ugc12506_beta_closure_transfer_scoring_runner_not_endpoint
NGC2841,47.1,277.0,4.24,BARYONIC_050_FAST_PACKET,BETA_CL_TRANSFER_SOURCE_FROZEN,BULLOCK_DISK_CONVERSION,1.0803447810919469,114.26600456828794,118.7676685555033,False,True,False,ugc12506_beta_closure_transfer_scoring_runner_not_endpoint
NGC2841,49.19,281.0,4.24,BARYONIC_050_FAST_PACKET,BETA_CL_TRANSFER_SOURCE_FROZEN,BULLOCK_DISK_CONVERSION,1.0803447810919469,110.8688840477796,115.23671387176174,False,True,False,ugc12506_beta_closure_transfer_scoring_runner_not_endpoint
NGC2841,51.27,286.0,4.24,BARYONIC_050_FAST_PACKET,BETA_CL_TRANSFER_SOURCE_FROZEN,BULLOCK_DISK_CONVERSION,1.0803447810919469,108.25102932536024,112.51572521749446,False,True,False,ugc12506_beta_closure_transfer_scoring_runner_not_endpoint
NGC2841,53.36,282.0,4.24,BARYONIC_050_FAST_PACKET,BETA_CL_TRANSFER_SOURCE_FROZEN,BULLOCK_DISK_CONVERSION,1.0803447810919469,106.7326451934927,110.93752228657982,False,True,False,ugc12506_beta_closure_transfer_scoring_runner_not_endpoint
NGC2841,55.3,283.0,4.24,BARYONIC_050_FAST_PACKET,BETA_CL_TRANSFER_SOURCE_FROZEN,BULLOCK_DISK_CONVERSION,1.0803447810919469,106.48578590591327,110.6809376430732,False,True,False,ugc12506_beta_closure_transfer_scoring_runner_not_endpoint
NGC2841,57.38,288.0,5.66,BARYONIC_050_FAST_PACKET,BETA_CL_TRANSFER_SOURCE_FROZEN,BULLOCK_DISK_CONVERSION,1.0803447810919469,106.68145762033814,110.88431810966341,False,True,False,ugc12506_beta_closure_transfer_scoring_runner_not_endpoint
NGC2841,59.47,287.0,5.66,BARYONIC_050_FAST_PACKET,BETA_CL_TRANSFER_SOURCE_FROZEN,BULLOCK_DISK_CONVERSION,1.0803447810919469,106.91017795327065,111.12204918984132,False,True,False,ugc12506_beta_closure_transfer_scoring_runner_not_endpoint
NGC2841,61.56,289.0,7.07,BARYONIC_050_FAST_PACKET,BETA_CL_TRANSFER_SOURCE_FROZEN,BULLOCK_DISK_CONVERSION,1.0803447810919469,106.56045303019314,110.75854637982712,False,True,False,ugc12506_beta_closure_transfer_scoring_runner_not_endpoint
NGC2841,63.64,294.0,7.07,BARYONIC_050_FAST_PACKET,BETA_CL_TRANSFER_SOURCE_FROZEN,BULLOCK_DISK_CONVERSION,1.0803447810919469,105.64445797106444,109.80646445491777,False,True,False,ugc12506_beta_closure_transfer_scoring_runner_not_endpoint
NGC3521,0.51,143.0,33.1,BARYONIC_050_FAST_PACKET,BETA_CL_TRANSFER_SOURCE_FROZEN,BULLOCK_DISK_CONVERSION,1.0,138.30195298693363,138.30195298693363,False,True,False,ugc12506_beta_closure_transfer_scoring_runner_not_endpoint
NGC3521,0.69,160.0,15.0,BARYONIC_050_FAST_PACKET,BETA_CL_TRANSFER_SOURCE_FROZEN,BULLOCK_DISK_CONVERSION,1.0,150.7867474282803,150.7867474282803,False,True,False,ugc12506_beta_closure_transfer_scoring_runner_not_endpoint
NGC3521,0.86,178.0,7.92,BARYONIC_050_FAST_PACKET,BETA_CL_TRANSFER_SOURCE_FROZEN,BULLOCK_DISK_CONVERSION,1.0,161.5468924182697,161.5468924182697,False,True,False,ugc12506_beta_closure_transfer_scoring_runner_not_endpoint
NGC3521,1.03,188.0,8.01,BARYONIC_050_FAST_PACKET,BETA_CL_TRANSFER_SOURCE_FROZEN,BULLOCK_DISK_CONVERSION,1.0,171.1796014424616,171.1796014424616,False,True,False,ugc12506_beta_closure_transfer_scoring_runner_not_endpoint
NGC3521,1.2,187.0,8.03,BARYONIC_050_FAST_PACKET,BETA_CL_TRANSFER_SOURCE_FROZEN,BULLOCK_DISK_CONVERSION,1.0,173.02739219557117,173.02739219557117,False,True,False,ugc12506_beta_closure_transfer_scoring_runner_not_endpoint
NGC3521,1.38,195.0,5.6,BARYONIC_050_FAST_PACKET,BETA_CL_TRANSFER_SOURCE_FROZEN,BULLOCK_DISK_CONVERSION,1.0,175.18025202630577,175.18025202630577,False,True,False,ugc12506_beta_closure_transfer_scoring_runner_not_endpoint
NGC3521,1.55,199.0,7.52,BARYONIC_050_FAST_PACKET,BETA_CL_TRANSFER_SOURCE_FROZEN,BULLOCK_DISK_CONVERSION,1.0,177.75616684098475,177.75616684098475,False,True,False,ugc12506_beta_closure_transfer_scoring_runner_not_endpoint
NGC3521,1.71,203.0,6.87,BARYONIC_050_FAST_PACKET,BETA_CL_TRANSFER_SOURCE_FROZEN,BULLOCK_DISK_CONVERSION,1.0,182.4195942052279,182.4195942052279,False,True,False,ugc12506_beta_closure_transfer_scoring_runner_not_endpoint
NGC3521,1.89,206.0,9.22,BARYONIC_050_FAST_PACKET,BETA_CL_TRANSFER_SOURCE_FROZEN,BULLOCK_DISK_CONVERSION,1.0,185.6460629800697,185.6460629800697,False,True,False,ugc12506_beta_closure_transfer_scoring_runner_not_endpoint
NGC3521,2.06,211.0,12.0,BARYONIC_050_FAST_PACKET,BETA_CL_TRANSFER_SOURCE_FROZEN,BULLOCK_DISK_CONVERSION,1.0,190.83639262467733,190.83639262467733,False,True,False,ugc12506_beta_closure_transfer_scoring_runner_not_endpoint
NGC3521,2.23,219.0,13.3,BARYONIC_050_FAST_PACKET,BETA_CL_TRANSFER_SOURCE_FROZEN,BULLOCK_DISK_CONVERSION,1.0,194.27043650540347,194.27043650540347,False,True,False,ugc12506_beta_closure_transfer_scoring_runner_not_endpoint
NGC3521,2.41,216.0,9.9,BARYONIC_050_FAST_PACKET,BETA_CL_TRANSFER_SOURCE_FROZEN,BULLOCK_DISK_CONVERSION,1.0,195.4855617430607,195.4855617430607,False,True,False,ugc12506_beta_closure_transfer_scoring_runner_not_endpoint
NGC3521,2.58,214.0,10.5,BARYONIC_050_FAST_PACKET,BETA_CL_TRANSFER_SOURCE_FROZEN,BULLOCK_DISK_CONVERSION,1.0,193.8465662579557,193.8465662579557,False,True,False,ugc12506_beta_closure_transfer_scoring_runner_not_endpoint
NGC3521,2.75,213.0,8.39,BARYONIC_050_FAST_PACKET,BETA_CL_TRANSFER_SOURCE_FROZEN,BULLOCK_DISK_CONVERSION,1.0,193.4680754026359,193.4680754026359,False,True,False,ugc12506_beta_closure_transfer_scoring_runner_not_endpoint
NGC3521,2.92,210.0,13.3,BARYONIC_050_FAST_PACKET,BETA_CL_TRANSFER_SOURCE_FROZEN,BULLOCK_DISK_CONVERSION,1.0,193.21970111766552,193.21970111766552,False,True,False,ugc12506_beta_closure_transfer_scoring_runner_not_endpoint
NGC3521,3.09,214.0,6.67,BARYONIC_050_FAST_PACKET,BETA_CL_TRANSFER_SOURCE_FROZEN,BULLOCK_DISK_CONVERSION,1.0,194.29156942595324,194.29156942595324,False,True,False,ugc12506_beta_closure_transfer_scoring_runner_not_endpoint
NGC3521,3.26,213.0,9.98,BARYONIC_050_FAST_PACKET,BETA_CL_TRANSFER_SOURCE_FROZEN,BULLOCK_DISK_CONVERSION,1.0,195.15040750662038,195.15040750662038,False,True,False,ugc12506_beta_closure_transfer_scoring_runner_not_endpoint
NGC3521,3.43,212.0,11.2,BARYONIC_050_FAST_PACKET,BETA_CL_TRANSFER_SOURCE_FROZEN,BULLOCK_DISK_CONVERSION,1.0,196.774343347907,196.774343347907,False,True,False,ugc12506_beta_closure_transfer_scoring_runner_not_endpoint
NGC3521,3.61,215.0,9.11,BARYONIC_050_FAST_PACKET,BETA_CL_TRANSFER_SOURCE_FROZEN,BULLOCK_DISK_CONVERSION,1.0,197.27617811078966,197.27617811078966,False,True,False,ugc12506_beta_closure_transfer_scoring_runner_not_endpoint
NGC3521,3.78,217.0,10.1,BARYONIC_050_FAST_PACKET,BETA_CL_TRANSFER_SOURCE_FROZEN,BULLOCK_DISK_CONVERSION,1.0,198.76095026438168,198.76095026438168,False,True,False,ugc12506_beta_closure_transfer_scoring_runner_not_endpoint
NGC3521,3.95,219.0,8.05,BARYONIC_050_FAST_PACKET,BETA_CL_TRANSFER_SOURCE_FROZEN,BULLOCK_DISK_CONVERSION,1.0,199.51142548736402,199.51142548736402,False,True,False,ugc12506_beta_closure_transfer_scoring_runner_not_endpoint
NGC3521,4.12,220.0,8.29,BARYONIC_050_FAST_PACKET,BETA_CL_TRANSFER_SOURCE_FROZEN,BULLOCK_DISK_CONVERSION,1.0,200.33238030832658,200.33238030832658,False,True,False,ugc12506_beta_closure_transfer_scoring_runner_not_endpoint
NGC3521,4.29,218.0,8.42,BARYONIC_050_FAST_PACKET,BETA_CL_TRANSFER_SOURCE_FROZEN,BULLOCK_DISK_CONVERSION,1.0,199.58816335143726,199.58816335143726,False,True,False,ugc12506_beta_closure_transfer_scoring_runner_not_endpoint
NGC3521,4.46,220.0,9.71,BARYONIC_050_FAST_PACKET,BETA_CL_TRANSFER_SOURCE_FROZEN,BULLOCK_DISK_CONVERSION,1.0,198.54949030405493,198.54949030405493,False,True,False,ugc12506_beta_closure_transfer_scoring_runner_not_endpoint
NGC3521,4.64,220.0,20.1,BARYONIC_050_FAST_PACKET,BETA_CL_TRANSFER_SOURCE_FROZEN,BULLOCK_DISK_CONVERSION,1.0,196.12672918294436,196.12672918294436,False,True,False,ugc12506_beta_closure_transfer_scoring_runner_not_endpoint
NGC3521,4.81,216.0,23.5,BARYONIC_050_FAST_PACKET,BETA_CL_TRANSFER_SOURCE_FROZEN,BULLOCK_DISK_CONVERSION,1.0,193.543527662384,193.543527662384,False,True,False,ugc12506_beta_closure_transfer_scoring_runner_not_endpoint
NGC3521,4.98,220.0,14.6,BARYONIC_050_FAST_PACKET,BETA_CL_TRANSFER_SOURCE_FROZEN,BULLOCK_DISK_CONVERSION,1.0,190.64849448658123,190.64849448658123,False,True,False,ugc12506_beta_closure_transfer_scoring_runner_not_endpoint
NGC3521,5.15,218.0,12.2,BARYONIC_050_FAST_PACKET,BETA_CL_TRANSFER_SOURCE_FROZEN,BULLOCK_DISK_CONVERSION,1.0,188.15254887989158,188.15254887989158,False,True,False,ugc12506_beta_closure_transfer_scoring_runner_not_endpoint
NGC3521,5.32,213.0,23.1,BARYONIC_050_FAST_PACKET,BETA_CL_TRANSFER_SOURCE_FROZEN,BULLOCK_DISK_CONVERSION,1.0,185.5730329277398,185.5730329277398,False,True,False,ugc12506_beta_closure_transfer_scoring_runner_not_endpoint
NGC3521,5.49,215.0,21.2,BARYONIC_050_FAST_PACKET,BETA_CL_TRANSFER_SOURCE_FROZEN,BULLOCK_DISK_CONVERSION,1.0,183.1941637989595,183.1941637989595,False,True,False,ugc12506_beta_closure_transfer_scoring_runner_not_endpoint
NGC3521,5.67,216.0,18.3,BARYONIC_050_FAST_PACKET,BETA_CL_TRANSFER_SOURCE_FROZEN,BULLOCK_DISK_CONVERSION,1.0,180.8450181785498,180.8450181785498,False,True,False,ugc12506_beta_closure_transfer_scoring_runner_not_endpoint
NGC3521,5.84,208.0,31.7,BARYONIC_050_FAST_PACKET,BETA_CL_TRANSFER_SOURCE_FROZEN,BULLOCK_DISK_CONVERSION,1.0,178.82053587326038,178.82053587326038,False,True,False,ugc12506_beta_closure_transfer_scoring_runner_not_endpoint
NGC3521,6.01,212.0,25.3,BARYONIC_050_FAST_PACKET,BETA_CL_TRANSFER_SOURCE_FROZEN,BULLOCK_DISK_CONVERSION,1.0,176.88579747961677,176.88579747961677,False,True,False,ugc12506_beta_closure_transfer_scoring_runner_not_endpoint
NGC3521,6.19,213.0,23.8,BARYONIC_050_FAST_PACKET,BETA_CL_TRANSFER_SOURCE_FROZEN,BULLOCK_DISK_CONVERSION,1.0,175.10048372291837,175.10048372291837,False,True,False,ugc12506_beta_closure_transfer_scoring_runner_not_endpoint
NGC3521,6.35,216.0,19.6,BARYONIC_050_FAST_PACKET,BETA_CL_TRANSFER_SOURCE_FROZEN,BULLOCK_DISK_CONVERSION,1.0,173.52649523919973,173.52649523919973,False,True,False,ugc12506_beta_closure_transfer_scoring_runner_not_endpoint
NGC3521,6.64,210.0,25.0,BARYONIC_050_FAST_PACKET,BETA_CL_TRANSFER_SOURCE_FROZEN,BULLOCK_DISK_CONVERSION,1.0,170.51648923198013,170.51648923198013,False,True,False,ugc12506_beta_closure_transfer_scoring_runner_not_endpoint
NGC3521,8.82,210.0,10.7,BARYONIC_050_FAST_PACKET,BETA_CL_TRANSFER_SOURCE_FROZEN,BULLOCK_DISK_CONVERSION,1.0,152.31369652792227,152.31369652792227,False,True,False,ugc12506_beta_closure_transfer_scoring_runner_not_endpoint
NGC3521,11.07,210.0,10.7,BARYONIC_050_FAST_PACKET,BETA_CL_TRANSFER_SOURCE_FROZEN,BULLOCK_DISK_CONVERSION,1.0,139.8872218967837,139.8872218967837,False,True,False,ugc12506_beta_closure_transfer_scoring_runner_not_endpoint
NGC3521,13.32,206.0,6.25,BARYONIC_050_FAST_PACKET,BETA_CL_TRANSFER_SOURCE_FROZEN,BULLOCK_DISK_CONVERSION,1.0,130.02631541345775,130.02631541345775,False,True,False,ugc12506_beta_closure_transfer_scoring_runner_not_endpoint
NGC3521,15.49,206.0,6.25,BARYONIC_050_FAST_PACKET,BETA_CL_TRANSFER_SOURCE_FROZEN,BULLOCK_DISK_CONVERSION,1.0,121.44994915602065,121.44994915602065,False,True,False,ugc12506_beta_closure_transfer_scoring_runner_not_endpoint
NGC3521,17.74,206.0,10.7,BARYONIC_050_FAST_PACKET,BETA_CL_TRANSFER_SOURCE_FROZEN,BULLOCK_DISK_CONVERSION,1.0,112.4446757298895,112.4446757298895,False,True,False,ugc12506_beta_closure_transfer_scoring_runner_not_endpoint
NGC4013,5.49,198.0,10.0,BARYONIC_050_FAST_PACKET,BETA_CL_TRANSFER_SOURCE_FROZEN,BULLOCK_DISK_CONVERSION,1.9356715758386864,152.63227214452388,212.3548604535227,False,True,False,ugc12506_beta_closure_transfer_scoring_runner_not_endpoint
NGC4013,6.17,195.0,5.0,BARYONIC_050_FAST_PACKET,BETA_CL_TRANSFER_SOURCE_FROZEN,BULLOCK_DISK_CONVERSION,1.9356715758386864,157.67004978752306,219.36384062098034,False,True,False,ugc12506_beta_closure_transfer_scoring_runner_not_endpoint
NGC4013,6.92,194.0,4.0,BARYONIC_050_FAST_PACKET,BETA_CL_TRANSFER_SOURCE_FROZEN,BULLOCK_DISK_CONVERSION,1.9356715758386864,160.4712545909703,223.26111245464946,False,True,False,ugc12506_beta_closure_transfer_scoring_runner_not_endpoint
NGC4013,7.69,195.0,3.0,BARYONIC_050_FAST_PACKET,BETA_CL_TRANSFER_SOURCE_FROZEN,BULLOCK_DISK_CONVERSION,1.9356715758386864,161.5100490681617,224.70637074206456,False,True,False,ugc12506_beta_closure_transfer_scoring_runner_not_endpoint
NGC4013,8.36,195.0,3.0,BARYONIC_050_FAST_PACKET,BETA_CL_TRANSFER_SOURCE_FROZEN,BULLOCK_DISK_CONVERSION,1.9356715758386864,160.69979480385157,223.57907682963085,False,True,False,ugc12506_beta_closure_transfer_scoring_runner_not_endpoint
NGC4013,9.12,195.0,3.0,BARYONIC_050_FAST_PACKET,BETA_CL_TRANSFER_SOURCE_FROZEN,BULLOCK_DISK_CONVERSION,1.9356715758386864,158.13324191959134,220.00827249103332,False,True,False,ugc12506_beta_closure_transfer_scoring_runner_not_endpoint
NGC4013,9.88,192.0,7.0,BARYONIC_050_FAST_PACKET,BETA_CL_TRANSFER_SOURCE_FROZEN,BULLOCK_DISK_CONVERSION,1.9356715758386864,152.76344261635373,212.53735585144662,False,True,False,ugc12506_beta_closure_transfer_scoring_runner_not_endpoint
NGC4013,10.56,188.0,8.0,BARYONIC_050_FAST_PACKET,BETA_CL_TRANSFER_SOURCE_FROZEN,BULLOCK_DISK_CONVERSION,1.9356715758386864,145.63869729573938,202.6248106402127,False,True,False,ugc12506_beta_closure_transfer_scoring_runner_not_endpoint
NGC4013,11.31,186.0,7.0,BARYONIC_050_FAST_PACKET,BETA_CL_TRANSFER_SOURCE_FROZEN,BULLOCK_DISK_CONVERSION,1.9356715758386864,138.6578609383543,192.912483688035,False,True,False,ugc12506_beta_closure_transfer_scoring_runner_not_endpoint
NGC4013,12.08,186.0,6.0,BARYONIC_050_FAST_PACKET,BETA_CL_TRANSFER_SOURCE_FROZEN,BULLOCK_DISK_CONVERSION,1.9356715758386864,132.5679007150675,184.43961857757503,False,True,False,ugc12506_beta_closure_transfer_scoring_runner_not_endpoint
NGC4013,12.77,186.0,5.0,BARYONIC_050_FAST_PACKET,BETA_CL_TRANSFER_SOURCE_FROZEN,BULLOCK_DISK_CONVERSION,1.9356715758386864,127.95989410748977,178.02857203825252,False,True,False,ugc12506_beta_closure_transfer_scoring_runner_not_endpoint
NGC4013,13.47,185.0,6.0,BARYONIC_050_FAST_PACKET,BETA_CL_TRANSFER_SOURCE_FROZEN,BULLOCK_DISK_CONVERSION,1.9356715758386864,124.11155425664445,172.67443781406834,False,True,False,ugc12506_beta_closure_transfer_scoring_runner_not_endpoint
NGC4013,14.17,180.0,10.0,BARYONIC_050_FAST_PACKET,BETA_CL_TRANSFER_SOURCE_FROZEN,BULLOCK_DISK_CONVERSION,1.9356715758386864,120.65850343013541,167.8702629426628,False,True,False,ugc12506_beta_closure_transfer_scoring_runner_not_endpoint
NGC4013,14.98,163.0,8.0,BARYONIC_050_FAST_PACKET,BETA_CL_TRANSFER_SOURCE_FROZEN,BULLOCK_DISK_CONVERSION,1.9356715758386864,117.00887765464635,162.79259646117512,False,True,False,ugc12506_beta_closure_transfer_scoring_runner_not_endpoint
NGC4013,15.68,162.0,6.0,BARYONIC_050_FAST_PACKET,BETA_CL_TRANSFER_SOURCE_FROZEN,BULLOCK_DISK_CONVERSION,1.9356715758386864,113.89317297362471,158.4577659338129,False,True,False,ugc12506_beta_closure_transfer_scoring_runner_not_endpoint
NGC4013,16.37,164.0,5.0,BARYONIC_050_FAST_PACKET,BETA_CL_TRANSFER_SOURCE_FROZEN,BULLOCK_DISK_CONVERSION,1.9356715758386864,110.94158981193662,154.3512750743716,False,True,False,ugc12506_beta_closure_transfer_scoring_runner_not_endpoint
NGC4013,17.19,166.0,5.0,BARYONIC_050_FAST_PACKET,BETA_CL_TRANSFER_SOURCE_FROZEN,BULLOCK_DISK_CONVERSION,1.9356715758386864,107.70590536270517,149.84951859761833,False,True,False,ugc12506_beta_closure_transfer_scoring_runner_not_endpoint
NGC4013,17.88,166.0,5.0,BARYONIC_050_FAST_PACKET,BETA_CL_TRANSFER_SOURCE_FROZEN,BULLOCK_DISK_CONVERSION,1.9356715758386864,105.10472016041906,146.2305308640006,False,True,False,ugc12506_beta_closure_transfer_scoring_runner_not_endpoint
NGC4013,18.58,166.0,5.0,BARYONIC_050_FAST_PACKET,BETA_CL_TRANSFER_SOURCE_FROZEN,BULLOCK_DISK_CONVERSION,1.9356715758386864,102.6888801185406,142.86941091365765,False,True,False,ugc12506_beta_closure_transfer_scoring_runner_not_endpoint
NGC4013,19.39,166.0,5.0,BARYONIC_050_FAST_PACKET,BETA_CL_TRANSFER_SOURCE_FROZEN,BULLOCK_DISK_CONVERSION,1.9356715758386864,100.23901136783023,139.4609473601967,False,True,False,ugc12506_beta_closure_transfer_scoring_runner_not_endpoint
NGC4013,20.09,168.0,5.0,BARYONIC_050_FAST_PACKET,BETA_CL_TRANSFER_SOURCE_FROZEN,BULLOCK_DISK_CONVERSION,1.9356715758386864,98.23667263298366,136.67512522281535,False,True,False,ugc12506_beta_closure_transfer_scoring_runner_not_endpoint
NGC4013,20.79,172.0,5.0,BARYONIC_050_FAST_PACKET,BETA_CL_TRANSFER_SOURCE_FROZEN,BULLOCK_DISK_CONVERSION,1.9356715758386864,96.29242597421668,133.97012566991117,False,True,False,ugc12506_beta_closure_transfer_scoring_runner_not_endpoint
NGC4013,21.48,173.0,5.0,BARYONIC_050_FAST_PACKET,BETA_CL_TRANSFER_SOURCE_FROZEN,BULLOCK_DISK_CONVERSION,1.9356715758386864,94.58569315705203,131.59557535936304,False,True,False,ugc12506_beta_closure_transfer_scoring_runner_not_endpoint
NGC4013,22.3,171.0,5.0,BARYONIC_050_FAST_PACKET,BETA_CL_TRANSFER_SOURCE_FROZEN,BULLOCK_DISK_CONVERSION,1.9356715758386864,92.84981556255241,129.18047638216032,False,True,False,ugc12506_beta_closure_transfer_scoring_runner_not_endpoint
NGC4013,22.99,170.0,5.0,BARYONIC_050_FAST_PACKET,BETA_CL_TRANSFER_SOURCE_FROZEN,BULLOCK_DISK_CONVERSION,1.9356715758386864,91.54538983476995,127.36564954702716,False,True,False,ugc12506_beta_closure_transfer_scoring_runner_not_endpoint
NGC4013,23.69,172.0,5.0,BARYONIC_050_FAST_PACKET,BETA_CL_TRANSFER_SOURCE_FROZEN,BULLOCK_DISK_CONVERSION,1.9356715758386864,90.42032321331307,125.80036219302532,False,True,False,ugc12506_beta_closure_transfer_scoring_runner_not_endpoint
NGC4013,24.39,173.0,5.0,BARYONIC_050_FAST_PACKET,BETA_CL_TRANSFER_SOURCE_FROZEN,BULLOCK_DISK_CONVERSION,1.9356715758386864,89.68365765288567,124.77545107765286,False,True,False,ugc12506_beta_closure_transfer_scoring_runner_not_endpoint
NGC4013,25.2,176.0,5.0,BARYONIC_050_FAST_PACKET,BETA_CL_TRANSFER_SOURCE_FROZEN,BULLOCK_DISK_CONVERSION,1.9356715758386864,88.72531065034374,123.44211808633014,False,True,False,ugc12506_beta_closure_transfer_scoring_runner_not_endpoint
NGC4013,25.9,178.0,5.0,BARYONIC_050_FAST_PACKET,BETA_CL_TRANSFER_SOURCE_FROZEN,BULLOCK_DISK_CONVERSION,1.9356715758386864,87.52359510440598,121.77019029886453,False,True,False,ugc12506_beta_closure_transfer_scoring_runner_not_endpoint
NGC4013,26.59,180.0,6.0,BARYONIC_050_FAST_PACKET,BETA_CL_TRANSFER_SOURCE_FROZEN,BULLOCK_DISK_CONVERSION,1.9356715758386864,86.34052901158296,120.12420919985526,False,True,False,ugc12506_beta_closure_transfer_scoring_runner_not_endpoint
NGC4013,27.41,180.0,8.0,BARYONIC_050_FAST_PACKET,BETA_CL_TRANSFER_SOURCE_FROZEN,BULLOCK_DISK_CONVERSION,1.9356715758386864,84.94637278895432,118.18454174979995,False,True,False,ugc12506_beta_closure_transfer_scoring_runner_not_endpoint
NGC4013,28.1,180.0,5.0,BARYONIC_050_FAST_PACKET,BETA_CL_TRANSFER_SOURCE_FROZEN,BULLOCK_DISK_CONVERSION,1.9356715758386864,83.74918119002716,116.51890805808905,False,True,False,ugc12506_beta_closure_transfer_scoring_runner_not_endpoint
NGC4013,28.8,180.0,5.0,BARYONIC_050_FAST_PACKET,BETA_CL_TRANSFER_SOURCE_FROZEN,BULLOCK_DISK_CONVERSION,1.9356715758386864,82.65108740966448,114.99114759028313,False,True,False,ugc12506_beta_closure_transfer_scoring_runner_not_endpoint
NGC4013,29.61,178.0,5.0,BARYONIC_050_FAST_PACKET,BETA_CL_TRANSFER_SOURCE_FROZEN,BULLOCK_DISK_CONVERSION,1.9356715758386864,81.45181121374773,113.32261363182911,False,True,False,ugc12506_beta_closure_transfer_scoring_runner_not_endpoint
NGC4013,30.31,174.0,5.0,BARYONIC_050_FAST_PACKET,BETA_CL_TRANSFER_SOURCE_FROZEN,BULLOCK_DISK_CONVERSION,1.9356715758386864,80.58039680964596,112.11022858651575,False,True,False,ugc12506_beta_closure_transfer_scoring_runner_not_endpoint
NGC4013,31.01,170.0,10.0,BARYONIC_050_FAST_PACKET,BETA_CL_TRANSFER_SOURCE_FROZEN,BULLOCK_DISK_CONVERSION,1.9356715758386864,79.26638726471643,110.28206793852452,False,True,False,ugc12506_beta_closure_transfer_scoring_runner_not_endpoint
NGC4157,1.74,96.4,12.1,BARYONIC_050_FAST_PACKET,BETA_CL_TRANSFER_SOURCE_FROZEN,BULLOCK_DISK_CONVERSION,1.4666666666666668,104.74415950304818,126.8514766436192,False,True,False,ugc12506_beta_closure_transfer_scoring_runner_not_endpoint
NGC4157,3.5,157.0,10.5,BARYONIC_050_FAST_PACKET,BETA_CL_TRANSFER_SOURCE_FROZEN,BULLOCK_DISK_CONVERSION,1.4666666666666668,158.4362084562743,191.87577705380116,False,True,False,ugc12506_beta_closure_transfer_scoring_runner_not_endpoint
NGC4157,5.24,192.0,8.4,BARYONIC_050_FAST_PACKET,BETA_CL_TRANSFER_SOURCE_FROZEN,BULLOCK_DISK_CONVERSION,1.4666666666666668,171.81946062655416,208.0837003227307,False,True,False,ugc12506_beta_closure_transfer_scoring_runner_not_endpoint
NGC4157,6.98,201.0,6.9,BARYONIC_050_FAST_PACKET,BETA_CL_TRANSFER_SOURCE_FROZEN,BULLOCK_DISK_CONVERSION,1.4666666666666668,177.5793912592337,215.05932273057437,False,True,False,ugc12506_beta_closure_transfer_scoring_runner_not_endpoint
NGC4157,8.72,201.0,7.3,BARYONIC_050_FAST_PACKET,BETA_CL_TRANSFER_SOURCE_FROZEN,BULLOCK_DISK_CONVERSION,1.4666666666666668,181.4758150553401,219.77812628497256,False,True,False,ugc12506_beta_closure_transfer_scoring_runner_not_endpoint
NGC4157,10.47,194.0,6.4,BARYONIC_050_FAST_PACKET,BETA_CL_TRANSFER_SOURCE_FROZEN,BULLOCK_DISK_CONVERSION,1.4666666666666668,169.67667149611344,205.48865381491666,False,True,False,ugc12506_beta_closure_transfer_scoring_runner_not_endpoint
NGC4157,12.19,190.0,6.0,BARYONIC_050_FAST_PACKET,BETA_CL_TRANSFER_SOURCE_FROZEN,BULLOCK_DISK_CONVERSION,1.4666666666666668,157.3897229808859,190.60842020575413,False,True,False,ugc12506_beta_closure_transfer_scoring_runner_not_endpoint
NGC4157,13.94,186.0,6.4,BARYONIC_050_FAST_PACKET,BETA_CL_TRANSFER_SOURCE_FROZEN,BULLOCK_DISK_CONVERSION,1.4666666666666668,146.31620860314828,177.19772831500975,False,True,False,ugc12506_beta_closure_transfer_scoring_runner_not_endpoint
NGC4157,15.68,184.0,6.4,BARYONIC_050_FAST_PACKET,BETA_CL_TRANSFER_SOURCE_FROZEN,BULLOCK_DISK_CONVERSION,1.4666666666666668,136.70801640723195,165.5616297133286,False,True,False,ugc12506_beta_closure_transfer_scoring_runner_not_endpoint
NGC4157,17.42,182.0,7.3,BARYONIC_050_FAST_PACKET,BETA_CL_TRANSFER_SOURCE_FROZEN,BULLOCK_DISK_CONVERSION,1.4666666666666668,131.45106503942827,159.19514544524696,False,True,False,ugc12506_beta_closure_transfer_scoring_runner_not_endpoint
NGC4157,19.16,181.0,6.6,BARYONIC_050_FAST_PACKET,BETA_CL_TRANSFER_SOURCE_FROZEN,BULLOCK_DISK_CONVERSION,1.4666666666666668,124.86843516277442,151.22318477446947,False,True,False,ugc12506_beta_closure_transfer_scoring_runner_not_endpoint
NGC4157,20.9,183.0,6.5,BARYONIC_050_FAST_PACKET,BETA_CL_TRANSFER_SOURCE_FROZEN,BULLOCK_DISK_CONVERSION,1.4666666666666668,118.28797846780543,143.25385595741105,False,True,False,ugc12506_beta_closure_transfer_scoring_runner_not_endpoint
NGC4157,22.65,185.0,6.5,BARYONIC_050_FAST_PACKET,BETA_CL_TRANSFER_SOURCE_FROZEN,BULLOCK_DISK_CONVERSION,1.4666666666666668,115.91523238988049,140.3803177562059,False,True,False,ugc12506_beta_closure_transfer_scoring_runner_not_endpoint
NGC4157,24.39,186.0,9.1,BARYONIC_050_FAST_PACKET,BETA_CL_TRANSFER_SOURCE_FROZEN,BULLOCK_DISK_CONVERSION,1.4666666666666668,111.17167534943422,134.63558489493036,False,True,False,ugc12506_beta_closure_transfer_scoring_runner_not_endpoint
NGC4157,26.13,186.0,11.4,BARYONIC_050_FAST_PACKET,BETA_CL_TRANSFER_SOURCE_FROZEN,BULLOCK_DISK_CONVERSION,1.4666666666666668,106.49870914710657,128.9763417840652,False,True,False,ugc12506_beta_closure_transfer_scoring_runner_not_endpoint
NGC4157,27.87,184.0,13.6,BARYONIC_050_FAST_PACKET,BETA_CL_TRANSFER_SOURCE_FROZEN,BULLOCK_DISK_CONVERSION,1.4666666666666668,102.36963123895679,123.97578010778288,False,True,False,ugc12506_beta_closure_transfer_scoring_runner_not_endpoint
NGC4157,29.61,185.0,13.6,BARYONIC_050_FAST_PACKET,BETA_CL_TRANSFER_SOURCE_FROZEN,BULLOCK_DISK_CONVERSION,1.4666666666666668,98.89046288697409,119.7622979906448,False,True,False,ugc12506_beta_closure_transfer_scoring_runner_not_endpoint
NGC4217,0.87,47.8,8.2,BARYONIC_050_FAST_PACKET,BETA_CL_TRANSFER_SOURCE_FROZEN,BULLOCK_DISK_CONVERSION,1.7333333333333334,109.69136930497314,144.41539830179698,False,True,False,ugc12506_beta_closure_transfer_scoring_runner_not_endpoint
NGC4217,1.74,98.9,8.2,BARYONIC_050_FAST_PACKET,BETA_CL_TRANSFER_SOURCE_FROZEN,BULLOCK_DISK_CONVERSION,1.7333333333333334,156.92569499607131,206.6022777383315,False,True,False,ugc12506_beta_closure_transfer_scoring_runner_not_endpoint
NGC4217,2.61,146.0,7.7,BARYONIC_050_FAST_PACKET,BETA_CL_TRANSFER_SOURCE_FROZEN,BULLOCK_DISK_CONVERSION,1.7333333333333334,187.89420374242522,247.3742140698312,False,True,False,ugc12506_beta_closure_transfer_scoring_runner_not_endpoint
NGC4217,3.5,164.0,6.4,BARYONIC_050_FAST_PACKET,BETA_CL_TRANSFER_SOURCE_FROZEN,BULLOCK_DISK_CONVERSION,1.7333333333333334,199.95519160551947,263.2532424491672,False,True,False,ugc12506_beta_closure_transfer_scoring_runner_not_endpoint
NGC4217,4.37,174.0,5.95,BARYONIC_050_FAST_PACKET,BETA_CL_TRANSFER_SOURCE_FROZEN,BULLOCK_DISK_CONVERSION,1.7333333333333334,189.6952487544166,249.74540001102457,False,True,False,ugc12506_beta_closure_transfer_scoring_runner_not_endpoint
NGC4217,5.24,175.0,6.0,BARYONIC_050_FAST_PACKET,BETA_CL_TRANSFER_SOURCE_FROZEN,BULLOCK_DISK_CONVERSION,1.7333333333333334,179.16247863322275,235.87836378099624,False,True,False,ugc12506_beta_closure_transfer_scoring_runner_not_endpoint
NGC4217,6.11,184.0,6.4,BARYONIC_050_FAST_PACKET,BETA_CL_TRANSFER_SOURCE_FROZEN,BULLOCK_DISK_CONVERSION,1.7333333333333334,171.53028449810256,225.83011328577655,False,True,False,ugc12506_beta_closure_transfer_scoring_runner_not_endpoint
NGC4217,6.98,185.0,6.4,BARYONIC_050_FAST_PACKET,BETA_CL_TRANSFER_SOURCE_FROZEN,BULLOCK_DISK_CONVERSION,1.7333333333333334,164.82326595477957,216.99991305681823,False,True,False,ugc12506_beta_closure_transfer_scoring_runner_not_endpoint
NGC4217,7.85,188.0,6.65,BARYONIC_050_FAST_PACKET,BETA_CL_TRANSFER_SOURCE_FROZEN,BULLOCK_DISK_CONVERSION,1.7333333333333334,160.952999506067,211.90447050498958,False,True,False,ugc12506_beta_closure_transfer_scoring_runner_not_endpoint
NGC4217,8.72,190.0,7.35,BARYONIC_050_FAST_PACKET,BETA_CL_TRANSFER_SOURCE_FROZEN,BULLOCK_DISK_CONVERSION,1.7333333333333334,152.85172226703892,201.2386434062802,False,True,False,ugc12506_beta_closure_transfer_scoring_runner_not_endpoint
NGC4217,9.6,191.0,6.4,BARYONIC_050_FAST_PACKET,BETA_CL_TRANSFER_SOURCE_FROZEN,BULLOCK_DISK_CONVERSION,1.7333333333333334,145.1025713073342,191.0364120964029,False,True,False,ugc12506_beta_closure_transfer_scoring_runner_not_endpoint
NGC4217,10.47,191.0,5.55,BARYONIC_050_FAST_PACKET,BETA_CL_TRANSFER_SOURCE_FROZEN,BULLOCK_DISK_CONVERSION,1.7333333333333334,139.07928458257183,183.1063866353838,False,True,False,ugc12506_beta_closure_transfer_scoring_runner_not_endpoint
NGC4217,11.35,189.0,5.95,BARYONIC_050_FAST_PACKET,BETA_CL_TRANSFER_SOURCE_FROZEN,BULLOCK_DISK_CONVERSION,1.7333333333333334,133.9824979241692,176.3961551924153,False,True,False,ugc12506_beta_closure_transfer_scoring_runner_not_endpoint
NGC4217,12.19,186.0,6.85,BARYONIC_050_FAST_PACKET,BETA_CL_TRANSFER_SOURCE_FROZEN,BULLOCK_DISK_CONVERSION,1.7333333333333334,129.28825855428636,170.21590188150265,False,True,False,ugc12506_beta_closure_transfer_scoring_runner_not_endpoint
NGC4217,13.12,183.0,6.4,BARYONIC_050_FAST_PACKET,BETA_CL_TRANSFER_SOURCE_FROZEN,BULLOCK_DISK_CONVERSION,1.7333333333333334,124.72642001596935,164.20996236525968,False,True,False,ugc12506_beta_closure_transfer_scoring_runner_not_endpoint
NGC4217,13.94,179.0,6.85,BARYONIC_050_FAST_PACKET,BETA_CL_TRANSFER_SOURCE_FROZEN,BULLOCK_DISK_CONVERSION,1.7333333333333334,120.82271330341824,159.07049366030563,False,True,False,ugc12506_beta_closure_transfer_scoring_runner_not_endpoint
NGC4217,14.86,177.0,7.25,BARYONIC_050_FAST_PACKET,BETA_CL_TRANSFER_SOURCE_FROZEN,BULLOCK_DISK_CONVERSION,1.7333333333333334,116.91676804462224,153.92807777227216,False,True,False,ugc12506_beta_closure_transfer_scoring_runner_not_endpoint
NGC4217,15.79,177.0,8.55,BARYONIC_050_FAST_PACKET,BETA_CL_TRANSFER_SOURCE_FROZEN,BULLOCK_DISK_CONVERSION,1.7333333333333334,113.71339454963078,149.71064059266683,False,True,False,ugc12506_beta_closure_transfer_scoring_runner_not_endpoint
NGC4217,16.72,178.0,12.0,BARYONIC_050_FAST_PACKET,BETA_CL_TRANSFER_SOURCE_FROZEN,BULLOCK_DISK_CONVERSION,1.7333333333333334,111.19548439572536,146.3956578363352,False,True,False,ugc12506_beta_closure_transfer_scoring_runner_not_endpoint
NGC7331,2.67,221.0,20.0,BARYONIC_050_FAST_PACKET,BETA_CL_TRANSFER_SOURCE_FROZEN,BULLOCK_DISK_CONVERSION,1.056248698154465,244.4346894366673,251.2152114635373,False,True,False,ugc12506_beta_closure_transfer_scoring_runner_not_endpoint
NGC7331,3.21,237.0,13.0,BARYONIC_050_FAST_PACKET,BETA_CL_TRANSFER_SOURCE_FROZEN,BULLOCK_DISK_CONVERSION,1.056248698154465,258.4806130060822,265.650763421499,False,True,False,ugc12506_beta_closure_transfer_scoring_runner_not_endpoint
NGC7331,3.74,249.0,8.0,BARYONIC_050_FAST_PACKET,BETA_CL_TRANSFER_SOURCE_FROZEN,BULLOCK_DISK_CONVERSION,1.056248698154465,270.7716019083242,278.2826995157117,False,True,False,ugc12506_beta_closure_transfer_scoring_runner_not_endpoint
NGC7331,4.27,250.0,5.0,BARYONIC_050_FAST_PACKET,BETA_CL_TRANSFER_SOURCE_FROZEN,BULLOCK_DISK_CONVERSION,1.056248698154465,271.5403398208082,279.0727619151599,False,True,False,ugc12506_beta_closure_transfer_scoring_runner_not_endpoint
NGC7331,4.81,253.0,5.0,BARYONIC_050_FAST_PACKET,BETA_CL_TRANSFER_SOURCE_FROZEN,BULLOCK_DISK_CONVERSION,1.056248698154465,269.61564652297164,277.0946783831834,False,True,False,ugc12506_beta_closure_transfer_scoring_runner_not_endpoint
NGC7331,5.35,257.0,5.0,BARYONIC_050_FAST_PACKET,BETA_CL_TRANSFER_SOURCE_FROZEN,BULLOCK_DISK_CONVERSION,1.056248698154465,271.0866541347988,278.6064911668815,False,True,False,ugc12506_beta_closure_transfer_scoring_runner_not_endpoint
NGC7331,5.88,257.0,5.0,BARYONIC_050_FAST_PACKET,BETA_CL_TRANSFER_SOURCE_FROZEN,BULLOCK_DISK_CONVERSION,1.056248698154465,266.16503874476075,273.54835210405037,False,True,False,ugc12506_beta_closure_transfer_scoring_runner_not_endpoint
NGC7331,6.41,257.0,5.0,BARYONIC_050_FAST_PACKET,BETA_CL_TRANSFER_SOURCE_FROZEN,BULLOCK_DISK_CONVERSION,1.056248698154465,262.22154650218965,269.4954689396131,False,True,False,ugc12506_beta_closure_transfer_scoring_runner_not_endpoint
NGC7331,7.48,257.0,5.0,BARYONIC_050_FAST_PACKET,BETA_CL_TRANSFER_SOURCE_FROZEN,BULLOCK_DISK_CONVERSION,1.056248698154465,251.3774512560743,258.3505627617629,False,True,False,ugc12506_beta_closure_transfer_scoring_runner_not_endpoint
NGC7331,8.55,255.0,5.0,BARYONIC_050_FAST_PACKET,BETA_CL_TRANSFER_SOURCE_FROZEN,BULLOCK_DISK_CONVERSION,1.056248698154465,236.14057201167276,242.69101848738745,False,True,False,ugc12506_beta_closure_transfer_scoring_runner_not_endpoint
NGC7331,9.62,248.0,6.0,BARYONIC_050_FAST_PACKET,BETA_CL_TRANSFER_SOURCE_FROZEN,BULLOCK_DISK_CONVERSION,1.056248698154465,227.0549262843685,233.35334052552471,False,True,False,ugc12506_beta_closure_transfer_scoring_runner_not_endpoint
NGC7331,10.66,247.0,6.0,BARYONIC_050_FAST_PACKET,BETA_CL_TRANSFER_SOURCE_FROZEN,BULLOCK_DISK_CONVERSION,1.056248698154465,219.36327541318306,225.44832628813597,False,True,False,ugc12506_beta_closure_transfer_scoring_runner_not_endpoint
NGC7331,11.74,246.0,6.0,BARYONIC_050_FAST_PACKET,BETA_CL_TRANSFER_SOURCE_FROZEN,BULLOCK_DISK_CONVERSION,1.056248698154465,211.95841927132784,217.83806235292963,False,True,False,ugc12506_beta_closure_transfer_scoring_runner_not_endpoint
NGC7331,12.83,244.0,6.0,BARYONIC_050_FAST_PACKET,BETA_CL_TRANSFER_SOURCE_FROZEN,BULLOCK_DISK_CONVERSION,1.056248698154465,206.83994839005354,212.57760710505679,False,True,False,ugc12506_beta_closure_transfer_scoring_runner_not_endpoint
NGC7331,13.91,242.0,4.0,BARYONIC_050_FAST_PACKET,BETA_CL_TRANSFER_SOURCE_FROZEN,BULLOCK_DISK_CONVERSION,1.056248698154465,201.74420772354284,207.34051259915398,False,True,False,ugc12506_beta_closure_transfer_scoring_runner_not_endpoint
NGC7331,15.0,238.0,3.0,BARYONIC_050_FAST_PACKET,BETA_CL_TRANSFER_SOURCE_FROZEN,BULLOCK_DISK_CONVERSION,1.056248698154465,196.2773438275544,201.72200005153564,False,True,False,ugc12506_beta_closure_transfer_scoring_runner_not_endpoint
NGC7331,16.08,236.0,3.0,BARYONIC_050_FAST_PACKET,BETA_CL_TRANSFER_SOURCE_FROZEN,BULLOCK_DISK_CONVERSION,1.056248698154465,191.52218579057623,196.8349358031875,False,True,False,ugc12506_beta_closure_transfer_scoring_runner_not_endpoint
NGC7331,17.07,233.0,3.0,BARYONIC_050_FAST_PACKET,BETA_CL_TRANSFER_SOURCE_FROZEN,BULLOCK_DISK_CONVERSION,1.056248698154465,188.13817422309594,193.35705308744525,False,True,False,ugc12506_beta_closure_transfer_scoring_runner_not_endpoint
NGC7331,18.15,234.0,3.0,BARYONIC_050_FAST_PACKET,BETA_CL_TRANSFER_SOURCE_FROZEN,BULLOCK_DISK_CONVERSION,1.056248698154465,185.78748881450548,190.94116059131773,False,True,False,ugc12506_beta_closure_transfer_scoring_runner_not_endpoint
NGC7331,19.24,236.0,3.0,BARYONIC_050_FAST_PACKET,BETA_CL_TRANSFER_SOURCE_FROZEN,BULLOCK_DISK_CONVERSION,1.056248698154465,184.15190550195237,189.26020684176527,False,True,False,ugc12506_beta_closure_transfer_scoring_runner_not_endpoint
NGC7331,20.32,237.0,3.0,BARYONIC_050_FAST_PACKET,BETA_CL_TRANSFER_SOURCE_FROZEN,BULLOCK_DISK_CONVERSION,1.056248698154465,181.85988108981047,186.90460257502713,False,True,False,ugc12506_beta_closure_transfer_scoring_runner_not_endpoint
NGC7331,21.41,238.0,3.0,BARYONIC_050_FAST_PACKET,BETA_CL_TRANSFER_SOURCE_FROZEN,BULLOCK_DISK_CONVERSION,1.056248698154465,177.98602374905732,182.92328595716214,False,True,False,ugc12506_beta_closure_transfer_scoring_runner_not_endpoint
NGC7331,22.49,240.0,3.0,BARYONIC_050_FAST_PACKET,BETA_CL_TRANSFER_SOURCE_FROZEN,BULLOCK_DISK_CONVERSION,1.056248698154465,174.25071075895215,179.08435685567343,False,True,False,ugc12506_beta_closure_transfer_scoring_runner_not_endpoint
NGC7331,23.48,238.0,3.0,BARYONIC_050_FAST_PACKET,BETA_CL_TRANSFER_SOURCE_FROZEN,BULLOCK_DISK_CONVERSION,1.056248698154465,171.27814119145503,176.02932937896847,False,True,False,ugc12506_beta_closure_transfer_scoring_runner_not_endpoint
NGC7331,24.57,237.0,3.0,BARYONIC_050_FAST_PACKET,BETA_CL_TRANSFER_SOURCE_FROZEN,BULLOCK_DISK_CONVERSION,1.056248698154465,167.19939653001143,171.83744194682146,False,True,False,ugc12506_beta_closure_transfer_scoring_runner_not_endpoint
NGC7331,25.65,236.0,3.0,BARYONIC_050_FAST_PACKET,BETA_CL_TRANSFER_SOURCE_FROZEN,BULLOCK_DISK_CONVERSION,1.056248698154465,163.54094548460944,168.07750691011387,False,True,False,ugc12506_beta_closure_transfer_scoring_runner_not_endpoint
NGC7331,26.74,238.0,3.0,BARYONIC_050_FAST_PACKET,BETA_CL_TRANSFER_SOURCE_FROZEN,BULLOCK_DISK_CONVERSION,1.056248698154465,160.26804095015325,164.71381329273794,False,True,False,ugc12506_beta_closure_transfer_scoring_runner_not_endpoint
NGC7331,27.82,239.0,3.0,BARYONIC_050_FAST_PACKET,BETA_CL_TRANSFER_SOURCE_FROZEN,BULLOCK_DISK_CONVERSION,1.056248698154465,156.90025892266718,161.25261031803814,False,True,False,ugc12506_beta_closure_transfer_scoring_runner_not_endpoint
NGC7331,28.91,239.0,3.0,BARYONIC_050_FAST_PACKET,BETA_CL_TRANSFER_SOURCE_FROZEN,BULLOCK_DISK_CONVERSION,1.056248698154465,153.3762087156936,157.6308043460901,False,True,False,ugc12506_beta_closure_transfer_scoring_runner_not_endpoint
NGC7331,29.89,241.0,4.0,BARYONIC_050_FAST_PACKET,BETA_CL_TRANSFER_SOURCE_FROZEN,BULLOCK_DISK_CONVERSION,1.056248698154465,150.21950505843108,154.38653497248143,False,True,False,ugc12506_beta_closure_transfer_scoring_runner_not_endpoint
NGC7331,30.98,236.0,4.0,BARYONIC_050_FAST_PACKET,BETA_CL_TRANSFER_SOURCE_FROZEN,BULLOCK_DISK_CONVERSION,1.056248698154465,146.9110038424624,150.9862572356658,False,True,False,ugc12506_beta_closure_transfer_scoring_runner_not_endpoint
NGC7331,32.06,236.0,5.0,BARYONIC_050_FAST_PACKET,BETA_CL_TRANSFER_SOURCE_FROZEN,BULLOCK_DISK_CONVERSION,1.056248698154465,144.12616885909372,148.12417202652333,False,True,False,ugc12506_beta_closure_transfer_scoring_runner_not_endpoint
NGC7331,33.15,239.0,5.0,BARYONIC_050_FAST_PACKET,BETA_CL_TRANSFER_SOURCE_FROZEN,BULLOCK_DISK_CONVERSION,1.056248698154465,141.82902153649655,145.76330274181132,False,True,False,ugc12506_beta_closure_transfer_scoring_runner_not_endpoint
NGC7331,34.23,237.0,5.0,BARYONIC_050_FAST_PACKET,BETA_CL_TRANSFER_SOURCE_FROZEN,BULLOCK_DISK_CONVERSION,1.056248698154465,139.62639793391506,143.4995792278849,False,True,False,ugc12506_beta_closure_transfer_scoring_runner_not_endpoint
NGC7331,35.32,241.0,7.0,BARYONIC_050_FAST_PACKET,BETA_CL_TRANSFER_SOURCE_FROZEN,BULLOCK_DISK_CONVERSION,1.056248698154465,137.28753694345312,141.09583915458833,False,True,False,ugc12506_beta_closure_transfer_scoring_runner_not_endpoint
NGC7331,36.31,238.0,9.0,BARYONIC_050_FAST_PACKET,BETA_CL_TRANSFER_SOURCE_FROZEN,BULLOCK_DISK_CONVERSION,1.056248698154465,134.496993089065,138.2278867125925,False,True,False,ugc12506_beta_closure_transfer_scoring_runner_not_endpoint
UGC11455,0.62,35.1,4.01,BARYONIC_050_FAST_PACKET,BETA_CL_TRANSFER_SOURCE_FROZEN,BULLOCK_DISK_CONVERSION,2.0,50.35268016699806,71.20944319400343,False,True,False,ugc12506_beta_closure_transfer_scoring_runner_not_endpoint
UGC11455,1.23,64.6,4.19,BARYONIC_050_FAST_PACKET,BETA_CL_TRANSFER_SOURCE_FROZEN,BULLOCK_DISK_CONVERSION,2.0,79.6547851669942,112.64887749107844,False,True,False,ugc12506_beta_closure_transfer_scoring_runner_not_endpoint
UGC11455,1.83,80.1,6.32,BARYONIC_050_FAST_PACKET,BETA_CL_TRANSFER_SOURCE_FROZEN,BULLOCK_DISK_CONVERSION,2.0,98.81199395822351,139.741261980848,False,True,False,ugc12506_beta_closure_transfer_scoring_runner_not_endpoint
UGC11455,2.47,113.0,10.4,BARYONIC_050_FAST_PACKET,BETA_CL_TRANSFER_SOURCE_FROZEN,BULLOCK_DISK_CONVERSION,2.0,112.53761726640565,159.15222461530345,False,True,False,ugc12506_beta_closure_transfer_scoring_runner_not_endpoint
UGC11455,3.08,136.0,7.59,BARYONIC_050_FAST_PACKET,BETA_CL_TRANSFER_SOURCE_FROZEN,BULLOCK_DISK_CONVERSION,2.0,121.09733832747933,171.2574982300045,False,True,False,ugc12506_beta_closure_transfer_scoring_runner_not_endpoint
UGC11455,3.68,150.0,7.75,BARYONIC_050_FAST_PACKET,BETA_CL_TRANSFER_SOURCE_FROZEN,BULLOCK_DISK_CONVERSION,2.0,127.91574336257442,180.90017910438894,False,True,False,ugc12506_beta_closure_transfer_scoring_runner_not_endpoint
UGC11455,4.32,171.0,9.19,BARYONIC_050_FAST_PACKET,BETA_CL_TRANSFER_SOURCE_FROZEN,BULLOCK_DISK_CONVERSION,2.0,134.49878084949322,190.21,False,True,False,ugc12506_beta_closure_transfer_scoring_runner_not_endpoint
UGC11455,4.91,192.0,9.16,BARYONIC_050_FAST_PACKET,BETA_CL_TRANSFER_SOURCE_FROZEN,BULLOCK_DISK_CONVERSION,2.0,140.4386202225015,198.61020139962602,False,True,False,ugc12506_beta_closure_transfer_scoring_runner_not_endpoint
UGC11455,5.53,197.0,9.96,BARYONIC_050_FAST_PACKET,BETA_CL_TRANSFER_SOURCE_FROZEN,BULLOCK_DISK_CONVERSION,2.0,150.67751673690404,213.09018771402873,False,True,False,ugc12506_beta_closure_transfer_scoring_runner_not_endpoint
UGC11455,6.17,195.0,12.4,BARYONIC_050_FAST_PACKET,BETA_CL_TRANSFER_SOURCE_FROZEN,BULLOCK_DISK_CONVERSION,2.0,162.8042653003907,230.24,False,True,False,ugc12506_beta_closure_transfer_scoring_runner_not_endpoint
UGC11455,6.78,196.0,7.09,BARYONIC_050_FAST_PACKET,BETA_CL_TRANSFER_SOURCE_FROZEN,BULLOCK_DISK_CONVERSION,2.0,179.01916335968056,253.1713287479449,False,True,False,ugc12506_beta_closure_transfer_scoring_runner_not_endpoint
UGC11455,7.38,216.0,5.99,BARYONIC_050_FAST_PACKET,BETA_CL_TRANSFER_SOURCE_FROZEN,BULLOCK_DISK_CONVERSION,2.0,194.8462133324638,275.55415747181166,False,True,False,ugc12506_beta_closure_transfer_scoring_runner_not_endpoint
UGC11455,8.0,225.0,5.24,BARYONIC_050_FAST_PACKET,BETA_CL_TRANSFER_SOURCE_FROZEN,BULLOCK_DISK_CONVERSION,2.0,203.61846871047823,287.96,False,True,False,ugc12506_beta_closure_transfer_scoring_runner_not_endpoint
UGC11455,8.62,240.0,6.15,BARYONIC_050_FAST_PACKET,BETA_CL_TRANSFER_SOURCE_FROZEN,BULLOCK_DISK_CONVERSION,2.0,205.6690783759192,290.86,False,True,False,ugc12506_beta_closure_transfer_scoring_runner_not_endpoint
UGC11455,9.23,247.0,4.37,BARYONIC_050_FAST_PACKET,BETA_CL_TRANSFER_SOURCE_FROZEN,BULLOCK_DISK_CONVERSION,2.0,209.19195694385576,295.8421026493694,False,True,False,ugc12506_beta_closure_transfer_scoring_runner_not_endpoint
UGC11455,9.85,254.0,6.48,BARYONIC_050_FAST_PACKET,BETA_CL_TRANSFER_SOURCE_FROZEN,BULLOCK_DISK_CONVERSION,2.0,214.2198137428002,302.95256592410635,False,True,False,ugc12506_beta_closure_transfer_scoring_runner_not_endpoint
UGC11455,10.43,257.0,7.41,BARYONIC_050_FAST_PACKET,BETA_CL_TRANSFER_SOURCE_FROZEN,BULLOCK_DISK_CONVERSION,2.0,218.68844425346302,309.2721637975199,False,True,False,ugc12506_beta_closure_transfer_scoring_runner_not_endpoint
UGC11455,11.05,273.0,5.38,BARYONIC_050_FAST_PACKET,BETA_CL_TRANSFER_SOURCE_FROZEN,BULLOCK_DISK_CONVERSION,2.0,222.20780915620404,314.2492973739162,False,True,False,ugc12506_beta_closure_transfer_scoring_runner_not_endpoint
UGC11455,11.67,272.0,5.98,BARYONIC_050_FAST_PACKET,BETA_CL_TRANSFER_SOURCE_FROZEN,BULLOCK_DISK_CONVERSION,2.0,224.80053058211405,317.9159591778934,False,True,False,ugc12506_beta_closure_transfer_scoring_runner_not_endpoint
UGC11455,12.19,270.0,20.9,BARYONIC_050_FAST_PACKET,BETA_CL_TRANSFER_SOURCE_FROZEN,BULLOCK_DISK_CONVERSION,2.0,227.12649603249727,321.2053710634366,False,True,False,ugc12506_beta_closure_transfer_scoring_runner_not_endpoint
UGC11455,12.91,279.0,9.4,BARYONIC_050_FAST_PACKET,BETA_CL_TRANSFER_SOURCE_FROZEN,BULLOCK_DISK_CONVERSION,2.0,229.63791411698548,324.7570525793089,False,True,False,ugc12506_beta_closure_transfer_scoring_runner_not_endpoint
UGC11455,14.56,287.0,10.8,BARYONIC_050_FAST_PACKET,BETA_CL_TRANSFER_SOURCE_FROZEN,BULLOCK_DISK_CONVERSION,2.0,232.14569261565032,328.30358694354834,False,True,False,ugc12506_beta_closure_transfer_scoring_runner_not_endpoint
UGC11455,16.63,291.0,10.0,BARYONIC_050_FAST_PACKET,BETA_CL_TRANSFER_SOURCE_FROZEN,BULLOCK_DISK_CONVERSION,2.0,224.96656173751688,318.15076268964054,False,True,False,ugc12506_beta_closure_transfer_scoring_runner_not_endpoint
UGC11455,17.77,286.0,9.67,BARYONIC_050_FAST_PACKET,BETA_CL_TRANSFER_SOURCE_FROZEN,BULLOCK_DISK_CONVERSION,2.0,220.6512345308768,312.0479684279326,False,True,False,ugc12506_beta_closure_transfer_scoring_runner_not_endpoint
UGC11455,18.49,288.0,6.96,BARYONIC_050_FAST_PACKET,BETA_CL_TRANSFER_SOURCE_FROZEN,BULLOCK_DISK_CONVERSION,2.0,218.7949872597633,309.42283836200585,False,True,False,ugc12506_beta_closure_transfer_scoring_runner_not_endpoint
UGC11455,20.24,289.0,6.63,BARYONIC_050_FAST_PACKET,BETA_CL_TRANSFER_SOURCE_FROZEN,BULLOCK_DISK_CONVERSION,2.0,217.1763647361287,307.1337604367192,False,True,False,ugc12506_beta_closure_transfer_scoring_runner_not_endpoint
UGC11455,22.62,288.0,10.0,BARYONIC_050_FAST_PACKET,BETA_CL_TRANSFER_SOURCE_FROZEN,BULLOCK_DISK_CONVERSION,2.0,215.54012631062457,304.81976986409524,False,True,False,ugc12506_beta_closure_transfer_scoring_runner_not_endpoint
UGC11455,24.89,269.0,8.23,BARYONIC_050_FAST_PACKET,BETA_CL_TRANSFER_SOURCE_FROZEN,BULLOCK_DISK_CONVERSION,2.0,209.44919861388823,296.20589730793677,False,True,False,ugc12506_beta_closure_transfer_scoring_runner_not_endpoint
UGC11455,27.06,267.0,7.11,BARYONIC_050_FAST_PACKET,BETA_CL_TRANSFER_SOURCE_FROZEN,BULLOCK_DISK_CONVERSION,2.0,199.97134744757807,282.8021916463873,False,True,False,ugc12506_beta_closure_transfer_scoring_runner_not_endpoint
UGC11455,29.13,272.0,5.36,BARYONIC_050_FAST_PACKET,BETA_CL_TRANSFER_SOURCE_FROZEN,BULLOCK_DISK_CONVERSION,2.0,190.73881762766595,269.74542276005354,False,True,False,ugc12506_beta_closure_transfer_scoring_runner_not_endpoint
UGC11455,31.3,274.0,5.78,BARYONIC_050_FAST_PACKET,BETA_CL_TRANSFER_SOURCE_FROZEN,BULLOCK_DISK_CONVERSION,2.0,182.84029465629288,258.5752244512223,False,True,False,ugc12506_beta_closure_transfer_scoring_runner_not_endpoint
UGC11455,33.46,259.0,5.81,BARYONIC_050_FAST_PACKET,BETA_CL_TRANSFER_SOURCE_FROZEN,BULLOCK_DISK_CONVERSION,2.0,177.0786764407279,250.42706582955446,False,True,False,ugc12506_beta_closure_transfer_scoring_runner_not_endpoint
UGC11455,35.53,272.0,6.69,BARYONIC_050_FAST_PACKET,BETA_CL_TRANSFER_SOURCE_FROZEN,BULLOCK_DISK_CONVERSION,2.0,169.63723692043558,239.90328113637796,False,True,False,ugc12506_beta_closure_transfer_scoring_runner_not_endpoint
UGC11455,37.7,274.0,6.39,BARYONIC_050_FAST_PACKET,BETA_CL_TRANSFER_SOURCE_FROZEN,BULLOCK_DISK_CONVERSION,2.0,162.18595515641914,229.36557740864254,False,True,False,ugc12506_beta_closure_transfer_scoring_runner_not_endpoint
UGC11455,39.87,272.0,5.59,BARYONIC_050_FAST_PACKET,BETA_CL_TRANSFER_SOURCE_FROZEN,BULLOCK_DISK_CONVERSION,2.0,157.85824194510718,223.24526669114397,False,True,False,ugc12506_beta_closure_transfer_scoring_runner_not_endpoint
UGC11455,41.93,266.0,8.82,BARYONIC_050_FAST_PACKET,BETA_CL_TRANSFER_SOURCE_FROZEN,BULLOCK_DISK_CONVERSION,2.0,153.35836641670383,216.88148168988516,False,True,False,ugc12506_beta_closure_transfer_scoring_runner_not_endpoint
